<?xml version="1.0" encoding="UTF-8"?>

<!-- generated on 2024-03-12 14:57:10 by Eclipse SUMO netedit Version v1_19_0+0208-13a9e45677a
-->

<routes xmlns:xsi="http://www.w3.org/2001/XMLSchema-instance" xsi:noNamespaceSchemaLocation="http://sumo.dlr.de/xsd/routes_file.xsd">
    <!-- Vehicles, persons and containers (sorted by depart) -->
    <vType id="phCar" minGap="0.4" speedFactor="normc(1,0.1,0.2,2)" vClass="passenger" sigma="0.7" color="0,255,0"/>
    <vType id="phMotor" minGap="0.2" speedFactor="normc(1.00,0.00)" vClass="motorcycle" sigma="0.35" color="0,0,255"/>

    <route id="kbt-10_to_kuf-4" edges="thornton-drive-extension-outward thornton-drive-lower-out L2 L3 L4 L5 L6 univ-road-lower-in"/>
    <route id="kbt-10_to_kuf-4a" edges="thornton-drive-extension-outward thornton-drive-lower-out L2 L3 L4 L5 L6 R6 R5 R4"/>
    <route id="kbt-10_to_kuf-4a_to_kbt-2" edges="thornton-drive-extension-outward thornton-drive-lower-out L2 L3 L4 L5 L6 R6 R5 R4 R3 R2 R1"/>
    <route id="kbt-10_to_kuf-4a_to_kbt-3" edges="thornton-drive-extension-outward thornton-drive-lower-out L2 L3 L4 L5 L6 R6 R5 R4 thornton-drive-in thornton-drive-extension-towards"/>
    <route id="kbt-10_to_kuf-4b" edges="thornton-drive-extension-outward thornton-drive-lower-out L2 L3 L4 L5 L6 univ-road-upper-in"/>
    <route id="kbt-10_to_kuf-5" edges="thornton-drive-extension-outward thornton-drive-lower-out L2 L3 L4 L5 L6 L7 L8 L9 L10 L11 L12"/>
    <route id="kbt-12" edges="thornton-drive-extension-outward thornton-drive-upper-out R2 R1"/>
    <route id="kbt-2" edges="R6 R5 R4 R3 R2 R1"/>
    <route id="kbt-3" edges="R6 R5 R4 thornton-drive-in thornton-drive-extension-towards"/>
    <route id="kbt-4" edges="L1 thornton-drive-in thornton-drive-extension-towards"/>
    <route id="kbt-4a" edges="L1 R3 R2 R1"/>
    <route id="kbt-5_to_kuf-4" edges="L1 L2 L3 L4 L5 L6 univ-road-lower-in"/>
    <route id="kbt-5_to_kuf-4a" edges="L1 L2 L3 L4 L5 L6 R6 R5 R4"/>
    <route id="kbt-5_to_kuf-4a_to_kbt-2" edges="L1 L2 L3 L4 L5 L6 R6 R5 R4 R3 R2 R1"/>
    <route id="kbt-5_to_kuf-4a_to_kbt-3" edges="L1 L2 L3 L4 L5 L6 R6 R5 R4 thornton-drive-in thornton-drive-extension-towards"/>
    <route id="kbt-5_to_kuf-4b" edges="L1 L2 L3 L4 L5 L6 univ-road-upper-in"/>
    <route id="kbt-5_to_kuf-5" edges="L1 L2 L3 L4 L5 L6 L7 L8 L9 L10 L11 L12"/>
    <route id="kbt-7" edges=" b.gonzales-road R3 R2 R1"/>
    <route id="kbt-8" edges=" b.gonzales-road thornton-drive-in thornton-drive-extension-towards"/>
    <route id="kbt-9_to_kuf-4" edges=" b.gonzales-road L2 L3 L4 L5 L6 univ-road-lower-in"/>
    <route id="kbt-9_to_kuf-4a" edges=" b.gonzales-road L2 L3 L4 L5 L6 R6 R5 R4"/>
    <route id="kbt-9_to_kuf-4a_to_kbt-2" edges=" b.gonzales-road L2 L3 L4 L5 L6 R6 R5 R4 R3 R2 R1"/>
    <route id="kbt-9_to_kuf-4a_to_kbt-3" edges=" b.gonzales-road L2 L3 L4 L5 L6 R6 R5 R4 thornton-drive-in thornton-drive-extension-towards"/>
    <route id="kbt-9_to_kuf-4b" edges=" b.gonzales-road L2 L3 L4 L5 L6 univ-road-upper-in"/>
    <route id="kbt-9_to_kuf-5" edges=" b.gonzales-road L2 L3 L4 L5 L6 L7 L8 L9 L10 L11 L12"/>
    <route id="kuf-10b" edges="univ-road-lower-out L7 L8 L9 L10 L11 L12"/>
    <route id="kuf-10c" edges="univ-road-upper-out L7 L8 L9 L10 L11 L12"/>
    <route id="kuf-12a-zerovehiclessiya_to_kbt-2" edges="univ-road-upper-out R6 R5 R4 R3 R2 R1"/>
    <route id="kuf-12a-zerovehiclessiya_to_kbt-3" edges="univ-road-upper-out R6 R5 R4 thornton-drive-in thornton-drive-extension-towards"/>
    <route id="kuf-2_to_kbt-2" edges="R7 R6 R5 R4 R3 R2 R1"/>
    <route id="kuf-2_to_kbt-3" edges="R7 R6 R5 R4 thornton-drive-in thornton-drive-extension-towards"/>
    <route id="kuf-3" edges="R7 univ-road-lower-in"/>
    <route id="kuf-3a" edges="R7 univ-road-upper-in"/>
    <route id="kuf-4" edges="L6 univ-road-lower-in"/>
    <route id="kuf-4b" edges="L6 univ-road-upper-in"/>
    <route id="kuf-5" edges="L6 L7 L8 L9 L10 L11 L12"/>
    <route id="kuf-7_to_kbt-2" edges="f.dela-rosa-road R6 R5 R4 R3 R2 R1"/>
    <route id="kuf-7_to_kbt-3" edges="f.dela-rosa-road R6 R5 R4 thornton-drive-in thornton-drive-extension-towards"/>
    <route id="kuf-8" edges="f.dela-rosa-road univ-road-lower-in"/>
    <route id="kuf-8a" edges="f.dela-rosa-road univ-road-upper-in"/>
    <route id="kuf-9" edges="f.dela-rosa-road L7 L8 L9 L10 L11 L12"/>

    <flow id ="f_0" type = "phMotor" begin="0.00" route="kbt-4" end="3600.00" vehsPerHour="28"/>
    <flow id ="f_1" type = "phCar" begin="0.00" route="kbt-4" end="3600.00" vehsPerHour="18"/>
    <flow id ="f_2" type = "phMotor" begin="0.00" route="kbt-4a" end="3600.00" vehsPerHour="256"/>
    <flow id ="f_3" type = "phCar" begin="0.00" route="kbt-4a" end="3600.00" vehsPerHour="171"/>
    <flow id ="f_4" type = "phMotor" begin="0.00" route="kbt-5_to_kuf-4" end="3600.00" vehsPerHour="79"/>
    <flow id ="f_5" type = "phCar" begin="0.00" route="kbt-5_to_kuf-4" end="3600.00" vehsPerHour="52"/>
    <flow id ="f_6" type = "phMotor" begin="0.00" route="kbt-5_to_kuf-4a_to_kbt-2" end="3600.00" vehsPerHour="1"/>
    <flow id ="f_7" type = "phCar" begin="0.00" route="kbt-5_to_kuf-4a_to_kbt-2" end="3600.00" vehsPerHour="1"/>
    <flow id ="f_8" type = "phMotor" begin="0.00" route="kbt-5_to_kuf-4a_to_kbt-3" end="3600.00" vehsPerHour="1"/>
    <flow id ="f_9" type = "phCar" begin="0.00" route="kbt-5_to_kuf-4a_to_kbt-3" end="3600.00" vehsPerHour="1"/>
    <flow id ="f_10" type = "phMotor" begin="0.00" route="kbt-5_to_kuf-4b" end="3600.00" vehsPerHour="67"/>
    <flow id ="f_11" type = "phCar" begin="0.00" route="kbt-5_to_kuf-4b" end="3600.00" vehsPerHour="45"/>
    <flow id ="f_12" type = "phMotor" begin="0.00" route="kbt-5_to_kuf-5" end="3600.00" vehsPerHour="2186"/>
    <flow id ="f_13" type = "phCar" begin="0.00" route="kbt-5_to_kuf-5" end="3600.00" vehsPerHour="1458"/>
    <flow id ="f_14" type = "phMotor" begin="0.00" route="kbt-7" end="3600.00" vehsPerHour="386"/>
    <flow id ="f_15" type = "phCar" begin="0.00" route="kbt-7" end="3600.00" vehsPerHour="257"/>
    <flow id ="f_16" type = "phMotor" begin="0.00" route="kbt-8" end="3600.00" vehsPerHour="8"/>
    <flow id ="f_17" type = "phCar" begin="0.00" route="kbt-8" end="3600.00" vehsPerHour="5"/>
    <flow id ="f_18" type = "phMotor" begin="0.00" route="kbt-9_to_kuf-4" end="3600.00" vehsPerHour="1"/>
    <flow id ="f_19" type = "phMotor" begin="0.00" route="kbt-9_to_kuf-4b" end="3600.00" vehsPerHour="1"/>
    <flow id ="f_20" type = "phMotor" begin="0.00" route="kbt-9_to_kuf-5" end="3600.00" vehsPerHour="13"/>
    <flow id ="f_21" type = "phCar" begin="0.00" route="kbt-9_to_kuf-5" end="3600.00" vehsPerHour="9"/>
    <flow id ="f_22" type = "phMotor" begin="0.00" route="kbt-10_to_kuf-4" end="3600.00" vehsPerHour="2"/>
    <flow id ="f_23" type = "phCar" begin="0.00" route="kbt-10_to_kuf-4" end="3600.00" vehsPerHour="1"/>
    <flow id ="f_24" type = "phMotor" begin="0.00" route="kbt-10_to_kuf-4b" end="3600.00" vehsPerHour="2"/>
    <flow id ="f_25" type = "phCar" begin="0.00" route="kbt-10_to_kuf-4b" end="3600.00" vehsPerHour="1"/>
    <flow id ="f_26" type = "phMotor" begin="0.00" route="kbt-10_to_kuf-5" end="3600.00" vehsPerHour="55"/>
    <flow id ="f_27" type = "phCar" begin="0.00" route="kbt-10_to_kuf-5" end="3600.00" vehsPerHour="36"/>
    <flow id ="f_28" type = "phMotor" begin="0.00" route="kbt-12" end="3600.00" vehsPerHour="6"/>
    <flow id ="f_29" type = "phCar" begin="0.00" route="kbt-12" end="3600.00" vehsPerHour="4"/>
    <flow id ="f_30" type = "phMotor" begin="0.00" route="kuf-2_to_kbt-2" end="3600.00" vehsPerHour="2263"/>
    <flow id ="f_31" type = "phCar" begin="0.00" route="kuf-2_to_kbt-2" end="3600.00" vehsPerHour="1508"/>
    <flow id ="f_32" type = "phMotor" begin="0.00" route="kuf-2_to_kbt-3" end="3600.00" vehsPerHour="22"/>
    <flow id ="f_33" type = "phCar" begin="0.00" route="kuf-2_to_kbt-3" end="3600.00" vehsPerHour="14"/>
    <flow id ="f_34" type = "phMotor" begin="0.00" route="kuf-3" end="3600.00" vehsPerHour="147"/>
    <flow id ="f_35" type = "phCar" begin="0.00" route="kuf-3" end="3600.00" vehsPerHour="98"/>
    <flow id ="f_36" type = "phMotor" begin="0.00" route="kuf-3a" end="3600.00" vehsPerHour="16"/>
    <flow id ="f_37" type = "phCar" begin="0.00" route="kuf-3a" end="3600.00" vehsPerHour="11"/>
    <flow id ="f_38" type = "phMotor" begin="0.00" route="kuf-7_to_kbt-2" end="3600.00" vehsPerHour="92"/>
    <flow id ="f_39" type = "phCar" begin="0.00" route="kuf-7_to_kbt-2" end="3600.00" vehsPerHour="62"/>
    <flow id ="f_40" type = "phMotor" begin="0.00" route="kuf-7_to_kbt-3" end="3600.00" vehsPerHour="1"/>
    <flow id ="f_41" type = "phMotor" begin="0.00" route="kuf-8" end="3600.00" vehsPerHour="61"/>
    <flow id ="f_42" type = "phCar" begin="0.00" route="kuf-8" end="3600.00" vehsPerHour="40"/>
    <flow id ="f_43" type = "phMotor" begin="0.00" route="kuf-8a" end="3600.00" vehsPerHour="59"/>
    <flow id ="f_44" type = "phCar" begin="0.00" route="kuf-8a" end="3600.00" vehsPerHour="40"/>
    <flow id ="f_45" type = "phMotor" begin="0.00" route="kuf-9" end="3600.00" vehsPerHour="47"/>
    <flow id ="f_46" type = "phCar" begin="0.00" route="kuf-9" end="3600.00" vehsPerHour="32"/>
    <flow id ="f_47" type = "phMotor" begin="0.00" route="kuf-10b" end="3600.00" vehsPerHour="119"/>
    <flow id ="f_48" type = "phCar" begin="0.00" route="kuf-10b" end="3600.00" vehsPerHour="80"/>
    <flow id ="f_49" type = "phMotor" begin="0.00" route="kuf-10c" end="3600.00" vehsPerHour="304"/>
    <flow id ="f_50" type = "phCar" begin="0.00" route="kuf-10c" end="3600.00" vehsPerHour="203"/>
    <flow id ="f_51" type = "phMotor" begin="3600.00" route="kbt-4" end="7200.00" vehsPerHour="28"/>
    <flow id ="f_52" type = "phCar" begin="3600.00" route="kbt-4" end="7200.00" vehsPerHour="18"/>
    <flow id ="f_53" type = "phMotor" begin="3600.00" route="kbt-4a" end="7200.00" vehsPerHour="256"/>
    <flow id ="f_54" type = "phCar" begin="3600.00" route="kbt-4a" end="7200.00" vehsPerHour="171"/>
    <flow id ="f_55" type = "phMotor" begin="3600.00" route="kbt-5_to_kuf-4" end="7200.00" vehsPerHour="79"/>
    <flow id ="f_56" type = "phCar" begin="3600.00" route="kbt-5_to_kuf-4" end="7200.00" vehsPerHour="52"/>
    <flow id ="f_57" type = "phMotor" begin="3600.00" route="kbt-5_to_kuf-4a_to_kbt-2" end="7200.00" vehsPerHour="1"/>
    <flow id ="f_58" type = "phCar" begin="3600.00" route="kbt-5_to_kuf-4a_to_kbt-2" end="7200.00" vehsPerHour="1"/>
    <flow id ="f_59" type = "phMotor" begin="3600.00" route="kbt-5_to_kuf-4a_to_kbt-3" end="7200.00" vehsPerHour="1"/>
    <flow id ="f_60" type = "phCar" begin="3600.00" route="kbt-5_to_kuf-4a_to_kbt-3" end="7200.00" vehsPerHour="1"/>
    <flow id ="f_61" type = "phMotor" begin="3600.00" route="kbt-5_to_kuf-4b" end="7200.00" vehsPerHour="67"/>
    <flow id ="f_62" type = "phCar" begin="3600.00" route="kbt-5_to_kuf-4b" end="7200.00" vehsPerHour="45"/>
    <flow id ="f_63" type = "phMotor" begin="3600.00" route="kbt-5_to_kuf-5" end="7200.00" vehsPerHour="2186"/>
    <flow id ="f_64" type = "phCar" begin="3600.00" route="kbt-5_to_kuf-5" end="7200.00" vehsPerHour="1458"/>
    <flow id ="f_65" type = "phMotor" begin="3600.00" route="kbt-7" end="7200.00" vehsPerHour="386"/>
    <flow id ="f_66" type = "phCar" begin="3600.00" route="kbt-7" end="7200.00" vehsPerHour="257"/>
    <flow id ="f_67" type = "phMotor" begin="3600.00" route="kbt-8" end="7200.00" vehsPerHour="8"/>
    <flow id ="f_68" type = "phCar" begin="3600.00" route="kbt-8" end="7200.00" vehsPerHour="5"/>
    <flow id ="f_69" type = "phMotor" begin="3600.00" route="kbt-9_to_kuf-4" end="7200.00" vehsPerHour="1"/>
    <flow id ="f_70" type = "phMotor" begin="3600.00" route="kbt-9_to_kuf-4b" end="7200.00" vehsPerHour="1"/>
    <flow id ="f_71" type = "phMotor" begin="3600.00" route="kbt-9_to_kuf-5" end="7200.00" vehsPerHour="13"/>
    <flow id ="f_72" type = "phCar" begin="3600.00" route="kbt-9_to_kuf-5" end="7200.00" vehsPerHour="9"/>
    <flow id ="f_73" type = "phMotor" begin="3600.00" route="kbt-10_to_kuf-4" end="7200.00" vehsPerHour="2"/>
    <flow id ="f_74" type = "phCar" begin="3600.00" route="kbt-10_to_kuf-4" end="7200.00" vehsPerHour="1"/>
    <flow id ="f_75" type = "phMotor" begin="3600.00" route="kbt-10_to_kuf-4b" end="7200.00" vehsPerHour="2"/>
    <flow id ="f_76" type = "phCar" begin="3600.00" route="kbt-10_to_kuf-4b" end="7200.00" vehsPerHour="1"/>
    <flow id ="f_77" type = "phMotor" begin="3600.00" route="kbt-10_to_kuf-5" end="7200.00" vehsPerHour="55"/>
    <flow id ="f_78" type = "phCar" begin="3600.00" route="kbt-10_to_kuf-5" end="7200.00" vehsPerHour="36"/>
    <flow id ="f_79" type = "phMotor" begin="3600.00" route="kbt-12" end="7200.00" vehsPerHour="6"/>
    <flow id ="f_80" type = "phCar" begin="3600.00" route="kbt-12" end="7200.00" vehsPerHour="4"/>
    <flow id ="f_81" type = "phMotor" begin="3600.00" route="kuf-2_to_kbt-2" end="7200.00" vehsPerHour="2263"/>
    <flow id ="f_82" type = "phCar" begin="3600.00" route="kuf-2_to_kbt-2" end="7200.00" vehsPerHour="1508"/>
    <flow id ="f_83" type = "phMotor" begin="3600.00" route="kuf-2_to_kbt-3" end="7200.00" vehsPerHour="22"/>
    <flow id ="f_84" type = "phCar" begin="3600.00" route="kuf-2_to_kbt-3" end="7200.00" vehsPerHour="14"/>
    <flow id ="f_85" type = "phMotor" begin="3600.00" route="kuf-3" end="7200.00" vehsPerHour="147"/>
    <flow id ="f_86" type = "phCar" begin="3600.00" route="kuf-3" end="7200.00" vehsPerHour="98"/>
    <flow id ="f_87" type = "phMotor" begin="3600.00" route="kuf-3a" end="7200.00" vehsPerHour="16"/>
    <flow id ="f_88" type = "phCar" begin="3600.00" route="kuf-3a" end="7200.00" vehsPerHour="11"/>
    <flow id ="f_89" type = "phMotor" begin="3600.00" route="kuf-7_to_kbt-2" end="7200.00" vehsPerHour="92"/>
    <flow id ="f_90" type = "phCar" begin="3600.00" route="kuf-7_to_kbt-2" end="7200.00" vehsPerHour="62"/>
    <flow id ="f_91" type = "phMotor" begin="3600.00" route="kuf-7_to_kbt-3" end="7200.00" vehsPerHour="1"/>
    <flow id ="f_92" type = "phMotor" begin="3600.00" route="kuf-8" end="7200.00" vehsPerHour="61"/>
    <flow id ="f_93" type = "phCar" begin="3600.00" route="kuf-8" end="7200.00" vehsPerHour="40"/>
    <flow id ="f_94" type = "phMotor" begin="3600.00" route="kuf-8a" end="7200.00" vehsPerHour="59"/>
    <flow id ="f_95" type = "phCar" begin="3600.00" route="kuf-8a" end="7200.00" vehsPerHour="40"/>
    <flow id ="f_96" type = "phMotor" begin="3600.00" route="kuf-9" end="7200.00" vehsPerHour="47"/>
    <flow id ="f_97" type = "phCar" begin="3600.00" route="kuf-9" end="7200.00" vehsPerHour="32"/>
    <flow id ="f_98" type = "phMotor" begin="3600.00" route="kuf-10b" end="7200.00" vehsPerHour="119"/>
    <flow id ="f_99" type = "phCar" begin="3600.00" route="kuf-10b" end="7200.00" vehsPerHour="80"/>
    <flow id ="f_100" type = "phMotor" begin="3600.00" route="kuf-10c" end="7200.00" vehsPerHour="304"/>
    <flow id ="f_101" type = "phCar" begin="3600.00" route="kuf-10c" end="7200.00" vehsPerHour="203"/>
    <flow id ="f_102" type = "phMotor" begin="7200.00" route="kbt-4" end="10800.00" vehsPerHour="28"/>
    <flow id ="f_103" type = "phCar" begin="7200.00" route="kbt-4" end="10800.00" vehsPerHour="18"/>
    <flow id ="f_104" type = "phMotor" begin="7200.00" route="kbt-4a" end="10800.00" vehsPerHour="256"/>
    <flow id ="f_105" type = "phCar" begin="7200.00" route="kbt-4a" end="10800.00" vehsPerHour="171"/>
    <flow id ="f_106" type = "phMotor" begin="7200.00" route="kbt-5_to_kuf-4" end="10800.00" vehsPerHour="79"/>
    <flow id ="f_107" type = "phCar" begin="7200.00" route="kbt-5_to_kuf-4" end="10800.00" vehsPerHour="52"/>
    <flow id ="f_108" type = "phMotor" begin="7200.00" route="kbt-5_to_kuf-4a_to_kbt-2" end="10800.00" vehsPerHour="1"/>
    <flow id ="f_109" type = "phCar" begin="7200.00" route="kbt-5_to_kuf-4a_to_kbt-2" end="10800.00" vehsPerHour="1"/>
    <flow id ="f_110" type = "phMotor" begin="7200.00" route="kbt-5_to_kuf-4a_to_kbt-3" end="10800.00" vehsPerHour="1"/>
    <flow id ="f_111" type = "phCar" begin="7200.00" route="kbt-5_to_kuf-4a_to_kbt-3" end="10800.00" vehsPerHour="1"/>
    <flow id ="f_112" type = "phMotor" begin="7200.00" route="kbt-5_to_kuf-4b" end="10800.00" vehsPerHour="67"/>
    <flow id ="f_113" type = "phCar" begin="7200.00" route="kbt-5_to_kuf-4b" end="10800.00" vehsPerHour="45"/>
    <flow id ="f_114" type = "phMotor" begin="7200.00" route="kbt-5_to_kuf-5" end="10800.00" vehsPerHour="2186"/>
    <flow id ="f_115" type = "phCar" begin="7200.00" route="kbt-5_to_kuf-5" end="10800.00" vehsPerHour="1458"/>
    <flow id ="f_116" type = "phMotor" begin="7200.00" route="kbt-7" end="10800.00" vehsPerHour="386"/>
    <flow id ="f_117" type = "phCar" begin="7200.00" route="kbt-7" end="10800.00" vehsPerHour="257"/>
    <flow id ="f_118" type = "phMotor" begin="7200.00" route="kbt-8" end="10800.00" vehsPerHour="8"/>
    <flow id ="f_119" type = "phCar" begin="7200.00" route="kbt-8" end="10800.00" vehsPerHour="5"/>
    <flow id ="f_120" type = "phMotor" begin="7200.00" route="kbt-9_to_kuf-4" end="10800.00" vehsPerHour="1"/>
    <flow id ="f_121" type = "phMotor" begin="7200.00" route="kbt-9_to_kuf-4b" end="10800.00" vehsPerHour="1"/>
    <flow id ="f_122" type = "phMotor" begin="7200.00" route="kbt-9_to_kuf-5" end="10800.00" vehsPerHour="13"/>
    <flow id ="f_123" type = "phCar" begin="7200.00" route="kbt-9_to_kuf-5" end="10800.00" vehsPerHour="9"/>
    <flow id ="f_124" type = "phMotor" begin="7200.00" route="kbt-10_to_kuf-4" end="10800.00" vehsPerHour="2"/>
    <flow id ="f_125" type = "phCar" begin="7200.00" route="kbt-10_to_kuf-4" end="10800.00" vehsPerHour="1"/>
    <flow id ="f_126" type = "phMotor" begin="7200.00" route="kbt-10_to_kuf-4b" end="10800.00" vehsPerHour="2"/>
    <flow id ="f_127" type = "phCar" begin="7200.00" route="kbt-10_to_kuf-4b" end="10800.00" vehsPerHour="1"/>
    <flow id ="f_128" type = "phMotor" begin="7200.00" route="kbt-10_to_kuf-5" end="10800.00" vehsPerHour="55"/>
    <flow id ="f_129" type = "phCar" begin="7200.00" route="kbt-10_to_kuf-5" end="10800.00" vehsPerHour="36"/>
    <flow id ="f_130" type = "phMotor" begin="7200.00" route="kbt-12" end="10800.00" vehsPerHour="6"/>
    <flow id ="f_131" type = "phCar" begin="7200.00" route="kbt-12" end="10800.00" vehsPerHour="4"/>
    <flow id ="f_132" type = "phMotor" begin="7200.00" route="kuf-2_to_kbt-2" end="10800.00" vehsPerHour="2263"/>
    <flow id ="f_133" type = "phCar" begin="7200.00" route="kuf-2_to_kbt-2" end="10800.00" vehsPerHour="1508"/>
    <flow id ="f_134" type = "phMotor" begin="7200.00" route="kuf-2_to_kbt-3" end="10800.00" vehsPerHour="22"/>
    <flow id ="f_135" type = "phCar" begin="7200.00" route="kuf-2_to_kbt-3" end="10800.00" vehsPerHour="14"/>
    <flow id ="f_136" type = "phMotor" begin="7200.00" route="kuf-3" end="10800.00" vehsPerHour="147"/>
    <flow id ="f_137" type = "phCar" begin="7200.00" route="kuf-3" end="10800.00" vehsPerHour="98"/>
    <flow id ="f_138" type = "phMotor" begin="7200.00" route="kuf-3a" end="10800.00" vehsPerHour="16"/>
    <flow id ="f_139" type = "phCar" begin="7200.00" route="kuf-3a" end="10800.00" vehsPerHour="11"/>
    <flow id ="f_140" type = "phMotor" begin="7200.00" route="kuf-7_to_kbt-2" end="10800.00" vehsPerHour="92"/>
    <flow id ="f_141" type = "phCar" begin="7200.00" route="kuf-7_to_kbt-2" end="10800.00" vehsPerHour="62"/>
    <flow id ="f_142" type = "phMotor" begin="7200.00" route="kuf-7_to_kbt-3" end="10800.00" vehsPerHour="1"/>
    <flow id ="f_143" type = "phMotor" begin="7200.00" route="kuf-8" end="10800.00" vehsPerHour="61"/>
    <flow id ="f_144" type = "phCar" begin="7200.00" route="kuf-8" end="10800.00" vehsPerHour="40"/>
    <flow id ="f_145" type = "phMotor" begin="7200.00" route="kuf-8a" end="10800.00" vehsPerHour="59"/>
    <flow id ="f_146" type = "phCar" begin="7200.00" route="kuf-8a" end="10800.00" vehsPerHour="40"/>
    <flow id ="f_147" type = "phMotor" begin="7200.00" route="kuf-9" end="10800.00" vehsPerHour="47"/>
    <flow id ="f_148" type = "phCar" begin="7200.00" route="kuf-9" end="10800.00" vehsPerHour="32"/>
    <flow id ="f_149" type = "phMotor" begin="7200.00" route="kuf-10b" end="10800.00" vehsPerHour="119"/>
    <flow id ="f_150" type = "phCar" begin="7200.00" route="kuf-10b" end="10800.00" vehsPerHour="80"/>
    <flow id ="f_151" type = "phMotor" begin="7200.00" route="kuf-10c" end="10800.00" vehsPerHour="304"/>
    <flow id ="f_152" type = "phCar" begin="7200.00" route="kuf-10c" end="10800.00" vehsPerHour="203"/>
    <flow id ="f_153" type = "phMotor" begin="10800.00" route="kbt-4" end="14400.00" vehsPerHour="28"/>
    <flow id ="f_154" type = "phCar" begin="10800.00" route="kbt-4" end="14400.00" vehsPerHour="18"/>
    <flow id ="f_155" type = "phMotor" begin="10800.00" route="kbt-4a" end="14400.00" vehsPerHour="256"/>
    <flow id ="f_156" type = "phCar" begin="10800.00" route="kbt-4a" end="14400.00" vehsPerHour="171"/>
    <flow id ="f_157" type = "phMotor" begin="10800.00" route="kbt-5_to_kuf-4" end="14400.00" vehsPerHour="79"/>
    <flow id ="f_158" type = "phCar" begin="10800.00" route="kbt-5_to_kuf-4" end="14400.00" vehsPerHour="52"/>
    <flow id ="f_159" type = "phMotor" begin="10800.00" route="kbt-5_to_kuf-4a_to_kbt-2" end="14400.00" vehsPerHour="1"/>
    <flow id ="f_160" type = "phCar" begin="10800.00" route="kbt-5_to_kuf-4a_to_kbt-2" end="14400.00" vehsPerHour="1"/>
    <flow id ="f_161" type = "phMotor" begin="10800.00" route="kbt-5_to_kuf-4a_to_kbt-3" end="14400.00" vehsPerHour="1"/>
    <flow id ="f_162" type = "phCar" begin="10800.00" route="kbt-5_to_kuf-4a_to_kbt-3" end="14400.00" vehsPerHour="1"/>
    <flow id ="f_163" type = "phMotor" begin="10800.00" route="kbt-5_to_kuf-4b" end="14400.00" vehsPerHour="67"/>
    <flow id ="f_164" type = "phCar" begin="10800.00" route="kbt-5_to_kuf-4b" end="14400.00" vehsPerHour="45"/>
    <flow id ="f_165" type = "phMotor" begin="10800.00" route="kbt-5_to_kuf-5" end="14400.00" vehsPerHour="2186"/>
    <flow id ="f_166" type = "phCar" begin="10800.00" route="kbt-5_to_kuf-5" end="14400.00" vehsPerHour="1458"/>
    <flow id ="f_167" type = "phMotor" begin="10800.00" route="kbt-7" end="14400.00" vehsPerHour="386"/>
    <flow id ="f_168" type = "phCar" begin="10800.00" route="kbt-7" end="14400.00" vehsPerHour="257"/>
    <flow id ="f_169" type = "phMotor" begin="10800.00" route="kbt-8" end="14400.00" vehsPerHour="8"/>
    <flow id ="f_170" type = "phCar" begin="10800.00" route="kbt-8" end="14400.00" vehsPerHour="5"/>
    <flow id ="f_171" type = "phMotor" begin="10800.00" route="kbt-9_to_kuf-4" end="14400.00" vehsPerHour="1"/>
    <flow id ="f_172" type = "phMotor" begin="10800.00" route="kbt-9_to_kuf-4b" end="14400.00" vehsPerHour="1"/>
    <flow id ="f_173" type = "phMotor" begin="10800.00" route="kbt-9_to_kuf-5" end="14400.00" vehsPerHour="13"/>
    <flow id ="f_174" type = "phCar" begin="10800.00" route="kbt-9_to_kuf-5" end="14400.00" vehsPerHour="9"/>
    <flow id ="f_175" type = "phMotor" begin="10800.00" route="kbt-10_to_kuf-4" end="14400.00" vehsPerHour="2"/>
    <flow id ="f_176" type = "phCar" begin="10800.00" route="kbt-10_to_kuf-4" end="14400.00" vehsPerHour="1"/>
    <flow id ="f_177" type = "phMotor" begin="10800.00" route="kbt-10_to_kuf-4b" end="14400.00" vehsPerHour="2"/>
    <flow id ="f_178" type = "phCar" begin="10800.00" route="kbt-10_to_kuf-4b" end="14400.00" vehsPerHour="1"/>
    <flow id ="f_179" type = "phMotor" begin="10800.00" route="kbt-10_to_kuf-5" end="14400.00" vehsPerHour="55"/>
    <flow id ="f_180" type = "phCar" begin="10800.00" route="kbt-10_to_kuf-5" end="14400.00" vehsPerHour="36"/>
    <flow id ="f_181" type = "phMotor" begin="10800.00" route="kbt-12" end="14400.00" vehsPerHour="6"/>
    <flow id ="f_182" type = "phCar" begin="10800.00" route="kbt-12" end="14400.00" vehsPerHour="4"/>
    <flow id ="f_183" type = "phMotor" begin="10800.00" route="kuf-2_to_kbt-2" end="14400.00" vehsPerHour="2263"/>
    <flow id ="f_184" type = "phCar" begin="10800.00" route="kuf-2_to_kbt-2" end="14400.00" vehsPerHour="1508"/>
    <flow id ="f_185" type = "phMotor" begin="10800.00" route="kuf-2_to_kbt-3" end="14400.00" vehsPerHour="22"/>
    <flow id ="f_186" type = "phCar" begin="10800.00" route="kuf-2_to_kbt-3" end="14400.00" vehsPerHour="14"/>
    <flow id ="f_187" type = "phMotor" begin="10800.00" route="kuf-3" end="14400.00" vehsPerHour="147"/>
    <flow id ="f_188" type = "phCar" begin="10800.00" route="kuf-3" end="14400.00" vehsPerHour="98"/>
    <flow id ="f_189" type = "phMotor" begin="10800.00" route="kuf-3a" end="14400.00" vehsPerHour="16"/>
    <flow id ="f_190" type = "phCar" begin="10800.00" route="kuf-3a" end="14400.00" vehsPerHour="11"/>
    <flow id ="f_191" type = "phMotor" begin="10800.00" route="kuf-7_to_kbt-2" end="14400.00" vehsPerHour="92"/>
    <flow id ="f_192" type = "phCar" begin="10800.00" route="kuf-7_to_kbt-2" end="14400.00" vehsPerHour="62"/>
    <flow id ="f_193" type = "phMotor" begin="10800.00" route="kuf-7_to_kbt-3" end="14400.00" vehsPerHour="1"/>
    <flow id ="f_194" type = "phMotor" begin="10800.00" route="kuf-8" end="14400.00" vehsPerHour="61"/>
    <flow id ="f_195" type = "phCar" begin="10800.00" route="kuf-8" end="14400.00" vehsPerHour="40"/>
    <flow id ="f_196" type = "phMotor" begin="10800.00" route="kuf-8a" end="14400.00" vehsPerHour="59"/>
    <flow id ="f_197" type = "phCar" begin="10800.00" route="kuf-8a" end="14400.00" vehsPerHour="40"/>
    <flow id ="f_198" type = "phMotor" begin="10800.00" route="kuf-9" end="14400.00" vehsPerHour="47"/>
    <flow id ="f_199" type = "phCar" begin="10800.00" route="kuf-9" end="14400.00" vehsPerHour="32"/>
    <flow id ="f_200" type = "phMotor" begin="10800.00" route="kuf-10b" end="14400.00" vehsPerHour="119"/>
    <flow id ="f_201" type = "phCar" begin="10800.00" route="kuf-10b" end="14400.00" vehsPerHour="80"/>
    <flow id ="f_202" type = "phMotor" begin="10800.00" route="kuf-10c" end="14400.00" vehsPerHour="304"/>
    <flow id ="f_203" type = "phCar" begin="10800.00" route="kuf-10c" end="14400.00" vehsPerHour="203"/>
    <flow id ="f_204" type = "phMotor" begin="14400.00" route="kbt-4" end="18000.00" vehsPerHour="28"/>
    <flow id ="f_205" type = "phCar" begin="14400.00" route="kbt-4" end="18000.00" vehsPerHour="18"/>
    <flow id ="f_206" type = "phMotor" begin="14400.00" route="kbt-4a" end="18000.00" vehsPerHour="256"/>
    <flow id ="f_207" type = "phCar" begin="14400.00" route="kbt-4a" end="18000.00" vehsPerHour="171"/>
    <flow id ="f_208" type = "phMotor" begin="14400.00" route="kbt-5_to_kuf-4" end="18000.00" vehsPerHour="79"/>
    <flow id ="f_209" type = "phCar" begin="14400.00" route="kbt-5_to_kuf-4" end="18000.00" vehsPerHour="52"/>
    <flow id ="f_210" type = "phMotor" begin="14400.00" route="kbt-5_to_kuf-4a_to_kbt-2" end="18000.00" vehsPerHour="1"/>
    <flow id ="f_211" type = "phCar" begin="14400.00" route="kbt-5_to_kuf-4a_to_kbt-2" end="18000.00" vehsPerHour="1"/>
    <flow id ="f_212" type = "phMotor" begin="14400.00" route="kbt-5_to_kuf-4a_to_kbt-3" end="18000.00" vehsPerHour="1"/>
    <flow id ="f_213" type = "phCar" begin="14400.00" route="kbt-5_to_kuf-4a_to_kbt-3" end="18000.00" vehsPerHour="1"/>
    <flow id ="f_214" type = "phMotor" begin="14400.00" route="kbt-5_to_kuf-4b" end="18000.00" vehsPerHour="67"/>
    <flow id ="f_215" type = "phCar" begin="14400.00" route="kbt-5_to_kuf-4b" end="18000.00" vehsPerHour="45"/>
    <flow id ="f_216" type = "phMotor" begin="14400.00" route="kbt-5_to_kuf-5" end="18000.00" vehsPerHour="2186"/>
    <flow id ="f_217" type = "phCar" begin="14400.00" route="kbt-5_to_kuf-5" end="18000.00" vehsPerHour="1458"/>
    <flow id ="f_218" type = "phMotor" begin="14400.00" route="kbt-7" end="18000.00" vehsPerHour="386"/>
    <flow id ="f_219" type = "phCar" begin="14400.00" route="kbt-7" end="18000.00" vehsPerHour="257"/>
    <flow id ="f_220" type = "phMotor" begin="14400.00" route="kbt-8" end="18000.00" vehsPerHour="8"/>
    <flow id ="f_221" type = "phCar" begin="14400.00" route="kbt-8" end="18000.00" vehsPerHour="5"/>
    <flow id ="f_222" type = "phMotor" begin="14400.00" route="kbt-9_to_kuf-4" end="18000.00" vehsPerHour="1"/>
    <flow id ="f_223" type = "phMotor" begin="14400.00" route="kbt-9_to_kuf-4b" end="18000.00" vehsPerHour="1"/>
    <flow id ="f_224" type = "phMotor" begin="14400.00" route="kbt-9_to_kuf-5" end="18000.00" vehsPerHour="13"/>
    <flow id ="f_225" type = "phCar" begin="14400.00" route="kbt-9_to_kuf-5" end="18000.00" vehsPerHour="9"/>
    <flow id ="f_226" type = "phMotor" begin="14400.00" route="kbt-10_to_kuf-4" end="18000.00" vehsPerHour="2"/>
    <flow id ="f_227" type = "phCar" begin="14400.00" route="kbt-10_to_kuf-4" end="18000.00" vehsPerHour="1"/>
    <flow id ="f_228" type = "phMotor" begin="14400.00" route="kbt-10_to_kuf-4b" end="18000.00" vehsPerHour="2"/>
    <flow id ="f_229" type = "phCar" begin="14400.00" route="kbt-10_to_kuf-4b" end="18000.00" vehsPerHour="1"/>
    <flow id ="f_230" type = "phMotor" begin="14400.00" route="kbt-10_to_kuf-5" end="18000.00" vehsPerHour="55"/>
    <flow id ="f_231" type = "phCar" begin="14400.00" route="kbt-10_to_kuf-5" end="18000.00" vehsPerHour="36"/>
    <flow id ="f_232" type = "phMotor" begin="14400.00" route="kbt-12" end="18000.00" vehsPerHour="6"/>
    <flow id ="f_233" type = "phCar" begin="14400.00" route="kbt-12" end="18000.00" vehsPerHour="4"/>
    <flow id ="f_234" type = "phMotor" begin="14400.00" route="kuf-2_to_kbt-2" end="18000.00" vehsPerHour="2263"/>
    <flow id ="f_235" type = "phCar" begin="14400.00" route="kuf-2_to_kbt-2" end="18000.00" vehsPerHour="1508"/>
    <flow id ="f_236" type = "phMotor" begin="14400.00" route="kuf-2_to_kbt-3" end="18000.00" vehsPerHour="22"/>
    <flow id ="f_237" type = "phCar" begin="14400.00" route="kuf-2_to_kbt-3" end="18000.00" vehsPerHour="14"/>
    <flow id ="f_238" type = "phMotor" begin="14400.00" route="kuf-3" end="18000.00" vehsPerHour="147"/>
    <flow id ="f_239" type = "phCar" begin="14400.00" route="kuf-3" end="18000.00" vehsPerHour="98"/>
    <flow id ="f_240" type = "phMotor" begin="14400.00" route="kuf-3a" end="18000.00" vehsPerHour="16"/>
    <flow id ="f_241" type = "phCar" begin="14400.00" route="kuf-3a" end="18000.00" vehsPerHour="11"/>
    <flow id ="f_242" type = "phMotor" begin="14400.00" route="kuf-7_to_kbt-2" end="18000.00" vehsPerHour="92"/>
    <flow id ="f_243" type = "phCar" begin="14400.00" route="kuf-7_to_kbt-2" end="18000.00" vehsPerHour="62"/>
    <flow id ="f_244" type = "phMotor" begin="14400.00" route="kuf-7_to_kbt-3" end="18000.00" vehsPerHour="1"/>
    <flow id ="f_245" type = "phMotor" begin="14400.00" route="kuf-8" end="18000.00" vehsPerHour="61"/>
    <flow id ="f_246" type = "phCar" begin="14400.00" route="kuf-8" end="18000.00" vehsPerHour="40"/>
    <flow id ="f_247" type = "phMotor" begin="14400.00" route="kuf-8a" end="18000.00" vehsPerHour="59"/>
    <flow id ="f_248" type = "phCar" begin="14400.00" route="kuf-8a" end="18000.00" vehsPerHour="40"/>
    <flow id ="f_249" type = "phMotor" begin="14400.00" route="kuf-9" end="18000.00" vehsPerHour="47"/>
    <flow id ="f_250" type = "phCar" begin="14400.00" route="kuf-9" end="18000.00" vehsPerHour="32"/>
    <flow id ="f_251" type = "phMotor" begin="14400.00" route="kuf-10b" end="18000.00" vehsPerHour="119"/>
    <flow id ="f_252" type = "phCar" begin="14400.00" route="kuf-10b" end="18000.00" vehsPerHour="80"/>
    <flow id ="f_253" type = "phMotor" begin="14400.00" route="kuf-10c" end="18000.00" vehsPerHour="304"/>
    <flow id ="f_254" type = "phCar" begin="14400.00" route="kuf-10c" end="18000.00" vehsPerHour="203"/>
    <flow id ="f_255" type = "phMotor" begin="18000.00" route="kbt-4" end="21600.00" vehsPerHour="28"/>
    <flow id ="f_256" type = "phCar" begin="18000.00" route="kbt-4" end="21600.00" vehsPerHour="18"/>
    <flow id ="f_257" type = "phMotor" begin="18000.00" route="kbt-4a" end="21600.00" vehsPerHour="256"/>
    <flow id ="f_258" type = "phCar" begin="18000.00" route="kbt-4a" end="21600.00" vehsPerHour="171"/>
    <flow id ="f_259" type = "phMotor" begin="18000.00" route="kbt-5_to_kuf-4" end="21600.00" vehsPerHour="79"/>
    <flow id ="f_260" type = "phCar" begin="18000.00" route="kbt-5_to_kuf-4" end="21600.00" vehsPerHour="52"/>
    <flow id ="f_261" type = "phMotor" begin="18000.00" route="kbt-5_to_kuf-4a_to_kbt-2" end="21600.00" vehsPerHour="1"/>
    <flow id ="f_262" type = "phCar" begin="18000.00" route="kbt-5_to_kuf-4a_to_kbt-2" end="21600.00" vehsPerHour="1"/>
    <flow id ="f_263" type = "phMotor" begin="18000.00" route="kbt-5_to_kuf-4a_to_kbt-3" end="21600.00" vehsPerHour="1"/>
    <flow id ="f_264" type = "phCar" begin="18000.00" route="kbt-5_to_kuf-4a_to_kbt-3" end="21600.00" vehsPerHour="1"/>
    <flow id ="f_265" type = "phMotor" begin="18000.00" route="kbt-5_to_kuf-4b" end="21600.00" vehsPerHour="67"/>
    <flow id ="f_266" type = "phCar" begin="18000.00" route="kbt-5_to_kuf-4b" end="21600.00" vehsPerHour="45"/>
    <flow id ="f_267" type = "phMotor" begin="18000.00" route="kbt-5_to_kuf-5" end="21600.00" vehsPerHour="2186"/>
    <flow id ="f_268" type = "phCar" begin="18000.00" route="kbt-5_to_kuf-5" end="21600.00" vehsPerHour="1458"/>
    <flow id ="f_269" type = "phMotor" begin="18000.00" route="kbt-7" end="21600.00" vehsPerHour="386"/>
    <flow id ="f_270" type = "phCar" begin="18000.00" route="kbt-7" end="21600.00" vehsPerHour="257"/>
    <flow id ="f_271" type = "phMotor" begin="18000.00" route="kbt-8" end="21600.00" vehsPerHour="8"/>
    <flow id ="f_272" type = "phCar" begin="18000.00" route="kbt-8" end="21600.00" vehsPerHour="5"/>
    <flow id ="f_273" type = "phMotor" begin="18000.00" route="kbt-9_to_kuf-4" end="21600.00" vehsPerHour="1"/>
    <flow id ="f_274" type = "phMotor" begin="18000.00" route="kbt-9_to_kuf-4b" end="21600.00" vehsPerHour="1"/>
    <flow id ="f_275" type = "phMotor" begin="18000.00" route="kbt-9_to_kuf-5" end="21600.00" vehsPerHour="13"/>
    <flow id ="f_276" type = "phCar" begin="18000.00" route="kbt-9_to_kuf-5" end="21600.00" vehsPerHour="9"/>
    <flow id ="f_277" type = "phMotor" begin="18000.00" route="kbt-10_to_kuf-4" end="21600.00" vehsPerHour="2"/>
    <flow id ="f_278" type = "phCar" begin="18000.00" route="kbt-10_to_kuf-4" end="21600.00" vehsPerHour="1"/>
    <flow id ="f_279" type = "phMotor" begin="18000.00" route="kbt-10_to_kuf-4b" end="21600.00" vehsPerHour="2"/>
    <flow id ="f_280" type = "phCar" begin="18000.00" route="kbt-10_to_kuf-4b" end="21600.00" vehsPerHour="1"/>
    <flow id ="f_281" type = "phMotor" begin="18000.00" route="kbt-10_to_kuf-5" end="21600.00" vehsPerHour="55"/>
    <flow id ="f_282" type = "phCar" begin="18000.00" route="kbt-10_to_kuf-5" end="21600.00" vehsPerHour="36"/>
    <flow id ="f_283" type = "phMotor" begin="18000.00" route="kbt-12" end="21600.00" vehsPerHour="6"/>
    <flow id ="f_284" type = "phCar" begin="18000.00" route="kbt-12" end="21600.00" vehsPerHour="4"/>
    <flow id ="f_285" type = "phMotor" begin="18000.00" route="kuf-2_to_kbt-2" end="21600.00" vehsPerHour="2263"/>
    <flow id ="f_286" type = "phCar" begin="18000.00" route="kuf-2_to_kbt-2" end="21600.00" vehsPerHour="1508"/>
    <flow id ="f_287" type = "phMotor" begin="18000.00" route="kuf-2_to_kbt-3" end="21600.00" vehsPerHour="22"/>
    <flow id ="f_288" type = "phCar" begin="18000.00" route="kuf-2_to_kbt-3" end="21600.00" vehsPerHour="14"/>
    <flow id ="f_289" type = "phMotor" begin="18000.00" route="kuf-3" end="21600.00" vehsPerHour="147"/>
    <flow id ="f_290" type = "phCar" begin="18000.00" route="kuf-3" end="21600.00" vehsPerHour="98"/>
    <flow id ="f_291" type = "phMotor" begin="18000.00" route="kuf-3a" end="21600.00" vehsPerHour="16"/>
    <flow id ="f_292" type = "phCar" begin="18000.00" route="kuf-3a" end="21600.00" vehsPerHour="11"/>
    <flow id ="f_293" type = "phMotor" begin="18000.00" route="kuf-7_to_kbt-2" end="21600.00" vehsPerHour="92"/>
    <flow id ="f_294" type = "phCar" begin="18000.00" route="kuf-7_to_kbt-2" end="21600.00" vehsPerHour="62"/>
    <flow id ="f_295" type = "phMotor" begin="18000.00" route="kuf-7_to_kbt-3" end="21600.00" vehsPerHour="1"/>
    <flow id ="f_296" type = "phMotor" begin="18000.00" route="kuf-8" end="21600.00" vehsPerHour="61"/>
    <flow id ="f_297" type = "phCar" begin="18000.00" route="kuf-8" end="21600.00" vehsPerHour="40"/>
    <flow id ="f_298" type = "phMotor" begin="18000.00" route="kuf-8a" end="21600.00" vehsPerHour="59"/>
    <flow id ="f_299" type = "phCar" begin="18000.00" route="kuf-8a" end="21600.00" vehsPerHour="40"/>
    <flow id ="f_300" type = "phMotor" begin="18000.00" route="kuf-9" end="21600.00" vehsPerHour="47"/>
    <flow id ="f_301" type = "phCar" begin="18000.00" route="kuf-9" end="21600.00" vehsPerHour="32"/>
    <flow id ="f_302" type = "phMotor" begin="18000.00" route="kuf-10b" end="21600.00" vehsPerHour="119"/>
    <flow id ="f_303" type = "phCar" begin="18000.00" route="kuf-10b" end="21600.00" vehsPerHour="80"/>
    <flow id ="f_304" type = "phMotor" begin="18000.00" route="kuf-10c" end="21600.00" vehsPerHour="304"/>
    <flow id ="f_305" type = "phCar" begin="18000.00" route="kuf-10c" end="21600.00" vehsPerHour="203"/>
    <flow id ="f_306" type = "phMotor" begin="21600.00" route="kbt-4" end="25200.00" vehsPerHour="28"/>
    <flow id ="f_307" type = "phCar" begin="21600.00" route="kbt-4" end="25200.00" vehsPerHour="18"/>
    <flow id ="f_308" type = "phMotor" begin="21600.00" route="kbt-4a" end="25200.00" vehsPerHour="256"/>
    <flow id ="f_309" type = "phCar" begin="21600.00" route="kbt-4a" end="25200.00" vehsPerHour="171"/>
    <flow id ="f_310" type = "phMotor" begin="21600.00" route="kbt-5_to_kuf-4" end="25200.00" vehsPerHour="79"/>
    <flow id ="f_311" type = "phCar" begin="21600.00" route="kbt-5_to_kuf-4" end="25200.00" vehsPerHour="52"/>
    <flow id ="f_312" type = "phMotor" begin="21600.00" route="kbt-5_to_kuf-4a_to_kbt-2" end="25200.00" vehsPerHour="1"/>
    <flow id ="f_313" type = "phCar" begin="21600.00" route="kbt-5_to_kuf-4a_to_kbt-2" end="25200.00" vehsPerHour="1"/>
    <flow id ="f_314" type = "phMotor" begin="21600.00" route="kbt-5_to_kuf-4a_to_kbt-3" end="25200.00" vehsPerHour="1"/>
    <flow id ="f_315" type = "phCar" begin="21600.00" route="kbt-5_to_kuf-4a_to_kbt-3" end="25200.00" vehsPerHour="1"/>
    <flow id ="f_316" type = "phMotor" begin="21600.00" route="kbt-5_to_kuf-4b" end="25200.00" vehsPerHour="67"/>
    <flow id ="f_317" type = "phCar" begin="21600.00" route="kbt-5_to_kuf-4b" end="25200.00" vehsPerHour="45"/>
    <flow id ="f_318" type = "phMotor" begin="21600.00" route="kbt-5_to_kuf-5" end="25200.00" vehsPerHour="2186"/>
    <flow id ="f_319" type = "phCar" begin="21600.00" route="kbt-5_to_kuf-5" end="25200.00" vehsPerHour="1458"/>
    <flow id ="f_320" type = "phMotor" begin="21600.00" route="kbt-7" end="25200.00" vehsPerHour="386"/>
    <flow id ="f_321" type = "phCar" begin="21600.00" route="kbt-7" end="25200.00" vehsPerHour="257"/>
    <flow id ="f_322" type = "phMotor" begin="21600.00" route="kbt-8" end="25200.00" vehsPerHour="8"/>
    <flow id ="f_323" type = "phCar" begin="21600.00" route="kbt-8" end="25200.00" vehsPerHour="5"/>
    <flow id ="f_324" type = "phMotor" begin="21600.00" route="kbt-9_to_kuf-4" end="25200.00" vehsPerHour="1"/>
    <flow id ="f_325" type = "phMotor" begin="21600.00" route="kbt-9_to_kuf-4b" end="25200.00" vehsPerHour="1"/>
    <flow id ="f_326" type = "phMotor" begin="21600.00" route="kbt-9_to_kuf-5" end="25200.00" vehsPerHour="13"/>
    <flow id ="f_327" type = "phCar" begin="21600.00" route="kbt-9_to_kuf-5" end="25200.00" vehsPerHour="9"/>
    <flow id ="f_328" type = "phMotor" begin="21600.00" route="kbt-10_to_kuf-4" end="25200.00" vehsPerHour="2"/>
    <flow id ="f_329" type = "phCar" begin="21600.00" route="kbt-10_to_kuf-4" end="25200.00" vehsPerHour="1"/>
    <flow id ="f_330" type = "phMotor" begin="21600.00" route="kbt-10_to_kuf-4b" end="25200.00" vehsPerHour="2"/>
    <flow id ="f_331" type = "phCar" begin="21600.00" route="kbt-10_to_kuf-4b" end="25200.00" vehsPerHour="1"/>
    <flow id ="f_332" type = "phMotor" begin="21600.00" route="kbt-10_to_kuf-5" end="25200.00" vehsPerHour="55"/>
    <flow id ="f_333" type = "phCar" begin="21600.00" route="kbt-10_to_kuf-5" end="25200.00" vehsPerHour="36"/>
    <flow id ="f_334" type = "phMotor" begin="21600.00" route="kbt-12" end="25200.00" vehsPerHour="6"/>
    <flow id ="f_335" type = "phCar" begin="21600.00" route="kbt-12" end="25200.00" vehsPerHour="4"/>
    <flow id ="f_336" type = "phMotor" begin="21600.00" route="kuf-2_to_kbt-2" end="25200.00" vehsPerHour="2263"/>
    <flow id ="f_337" type = "phCar" begin="21600.00" route="kuf-2_to_kbt-2" end="25200.00" vehsPerHour="1508"/>
    <flow id ="f_338" type = "phMotor" begin="21600.00" route="kuf-2_to_kbt-3" end="25200.00" vehsPerHour="22"/>
    <flow id ="f_339" type = "phCar" begin="21600.00" route="kuf-2_to_kbt-3" end="25200.00" vehsPerHour="14"/>
    <flow id ="f_340" type = "phMotor" begin="21600.00" route="kuf-3" end="25200.00" vehsPerHour="147"/>
    <flow id ="f_341" type = "phCar" begin="21600.00" route="kuf-3" end="25200.00" vehsPerHour="98"/>
    <flow id ="f_342" type = "phMotor" begin="21600.00" route="kuf-3a" end="25200.00" vehsPerHour="16"/>
    <flow id ="f_343" type = "phCar" begin="21600.00" route="kuf-3a" end="25200.00" vehsPerHour="11"/>
    <flow id ="f_344" type = "phMotor" begin="21600.00" route="kuf-7_to_kbt-2" end="25200.00" vehsPerHour="92"/>
    <flow id ="f_345" type = "phCar" begin="21600.00" route="kuf-7_to_kbt-2" end="25200.00" vehsPerHour="62"/>
    <flow id ="f_346" type = "phMotor" begin="21600.00" route="kuf-7_to_kbt-3" end="25200.00" vehsPerHour="1"/>
    <flow id ="f_347" type = "phMotor" begin="21600.00" route="kuf-8" end="25200.00" vehsPerHour="61"/>
    <flow id ="f_348" type = "phCar" begin="21600.00" route="kuf-8" end="25200.00" vehsPerHour="40"/>
    <flow id ="f_349" type = "phMotor" begin="21600.00" route="kuf-8a" end="25200.00" vehsPerHour="59"/>
    <flow id ="f_350" type = "phCar" begin="21600.00" route="kuf-8a" end="25200.00" vehsPerHour="40"/>
    <flow id ="f_351" type = "phMotor" begin="21600.00" route="kuf-9" end="25200.00" vehsPerHour="47"/>
    <flow id ="f_352" type = "phCar" begin="21600.00" route="kuf-9" end="25200.00" vehsPerHour="32"/>
    <flow id ="f_353" type = "phMotor" begin="21600.00" route="kuf-10b" end="25200.00" vehsPerHour="119"/>
    <flow id ="f_354" type = "phCar" begin="21600.00" route="kuf-10b" end="25200.00" vehsPerHour="80"/>
    <flow id ="f_355" type = "phMotor" begin="21600.00" route="kuf-10c" end="25200.00" vehsPerHour="304"/>
    <flow id ="f_356" type = "phCar" begin="21600.00" route="kuf-10c" end="25200.00" vehsPerHour="203"/>
    <flow id ="f_357" type = "phMotor" begin="25200.00" route="kbt-4" end="28800.00" vehsPerHour="28"/>
    <flow id ="f_358" type = "phCar" begin="25200.00" route="kbt-4" end="28800.00" vehsPerHour="18"/>
    <flow id ="f_359" type = "phMotor" begin="25200.00" route="kbt-4a" end="28800.00" vehsPerHour="256"/>
    <flow id ="f_360" type = "phCar" begin="25200.00" route="kbt-4a" end="28800.00" vehsPerHour="171"/>
    <flow id ="f_361" type = "phMotor" begin="25200.00" route="kbt-5_to_kuf-4" end="28800.00" vehsPerHour="79"/>
    <flow id ="f_362" type = "phCar" begin="25200.00" route="kbt-5_to_kuf-4" end="28800.00" vehsPerHour="52"/>
    <flow id ="f_363" type = "phMotor" begin="25200.00" route="kbt-5_to_kuf-4a_to_kbt-2" end="28800.00" vehsPerHour="1"/>
    <flow id ="f_364" type = "phCar" begin="25200.00" route="kbt-5_to_kuf-4a_to_kbt-2" end="28800.00" vehsPerHour="1"/>
    <flow id ="f_365" type = "phMotor" begin="25200.00" route="kbt-5_to_kuf-4a_to_kbt-3" end="28800.00" vehsPerHour="1"/>
    <flow id ="f_366" type = "phCar" begin="25200.00" route="kbt-5_to_kuf-4a_to_kbt-3" end="28800.00" vehsPerHour="1"/>
    <flow id ="f_367" type = "phMotor" begin="25200.00" route="kbt-5_to_kuf-4b" end="28800.00" vehsPerHour="67"/>
    <flow id ="f_368" type = "phCar" begin="25200.00" route="kbt-5_to_kuf-4b" end="28800.00" vehsPerHour="45"/>
    <flow id ="f_369" type = "phMotor" begin="25200.00" route="kbt-5_to_kuf-5" end="28800.00" vehsPerHour="2186"/>
    <flow id ="f_370" type = "phCar" begin="25200.00" route="kbt-5_to_kuf-5" end="28800.00" vehsPerHour="1458"/>
    <flow id ="f_371" type = "phMotor" begin="25200.00" route="kbt-7" end="28800.00" vehsPerHour="386"/>
    <flow id ="f_372" type = "phCar" begin="25200.00" route="kbt-7" end="28800.00" vehsPerHour="257"/>
    <flow id ="f_373" type = "phMotor" begin="25200.00" route="kbt-8" end="28800.00" vehsPerHour="8"/>
    <flow id ="f_374" type = "phCar" begin="25200.00" route="kbt-8" end="28800.00" vehsPerHour="5"/>
    <flow id ="f_375" type = "phMotor" begin="25200.00" route="kbt-9_to_kuf-4" end="28800.00" vehsPerHour="1"/>
    <flow id ="f_376" type = "phMotor" begin="25200.00" route="kbt-9_to_kuf-4b" end="28800.00" vehsPerHour="1"/>
    <flow id ="f_377" type = "phMotor" begin="25200.00" route="kbt-9_to_kuf-5" end="28800.00" vehsPerHour="13"/>
    <flow id ="f_378" type = "phCar" begin="25200.00" route="kbt-9_to_kuf-5" end="28800.00" vehsPerHour="9"/>
    <flow id ="f_379" type = "phMotor" begin="25200.00" route="kbt-10_to_kuf-4" end="28800.00" vehsPerHour="2"/>
    <flow id ="f_380" type = "phCar" begin="25200.00" route="kbt-10_to_kuf-4" end="28800.00" vehsPerHour="1"/>
    <flow id ="f_381" type = "phMotor" begin="25200.00" route="kbt-10_to_kuf-4b" end="28800.00" vehsPerHour="2"/>
    <flow id ="f_382" type = "phCar" begin="25200.00" route="kbt-10_to_kuf-4b" end="28800.00" vehsPerHour="1"/>
    <flow id ="f_383" type = "phMotor" begin="25200.00" route="kbt-10_to_kuf-5" end="28800.00" vehsPerHour="55"/>
    <flow id ="f_384" type = "phCar" begin="25200.00" route="kbt-10_to_kuf-5" end="28800.00" vehsPerHour="36"/>
    <flow id ="f_385" type = "phMotor" begin="25200.00" route="kbt-12" end="28800.00" vehsPerHour="6"/>
    <flow id ="f_386" type = "phCar" begin="25200.00" route="kbt-12" end="28800.00" vehsPerHour="4"/>
    <flow id ="f_387" type = "phMotor" begin="25200.00" route="kuf-2_to_kbt-2" end="28800.00" vehsPerHour="2263"/>
    <flow id ="f_388" type = "phCar" begin="25200.00" route="kuf-2_to_kbt-2" end="28800.00" vehsPerHour="1508"/>
    <flow id ="f_389" type = "phMotor" begin="25200.00" route="kuf-2_to_kbt-3" end="28800.00" vehsPerHour="22"/>
    <flow id ="f_390" type = "phCar" begin="25200.00" route="kuf-2_to_kbt-3" end="28800.00" vehsPerHour="14"/>
    <flow id ="f_391" type = "phMotor" begin="25200.00" route="kuf-3" end="28800.00" vehsPerHour="147"/>
    <flow id ="f_392" type = "phCar" begin="25200.00" route="kuf-3" end="28800.00" vehsPerHour="98"/>
    <flow id ="f_393" type = "phMotor" begin="25200.00" route="kuf-3a" end="28800.00" vehsPerHour="16"/>
    <flow id ="f_394" type = "phCar" begin="25200.00" route="kuf-3a" end="28800.00" vehsPerHour="11"/>
    <flow id ="f_395" type = "phMotor" begin="25200.00" route="kuf-7_to_kbt-2" end="28800.00" vehsPerHour="92"/>
    <flow id ="f_396" type = "phCar" begin="25200.00" route="kuf-7_to_kbt-2" end="28800.00" vehsPerHour="62"/>
    <flow id ="f_397" type = "phMotor" begin="25200.00" route="kuf-7_to_kbt-3" end="28800.00" vehsPerHour="1"/>
    <flow id ="f_398" type = "phMotor" begin="25200.00" route="kuf-8" end="28800.00" vehsPerHour="61"/>
    <flow id ="f_399" type = "phCar" begin="25200.00" route="kuf-8" end="28800.00" vehsPerHour="40"/>
    <flow id ="f_400" type = "phMotor" begin="25200.00" route="kuf-8a" end="28800.00" vehsPerHour="59"/>
    <flow id ="f_401" type = "phCar" begin="25200.00" route="kuf-8a" end="28800.00" vehsPerHour="40"/>
    <flow id ="f_402" type = "phMotor" begin="25200.00" route="kuf-9" end="28800.00" vehsPerHour="47"/>
    <flow id ="f_403" type = "phCar" begin="25200.00" route="kuf-9" end="28800.00" vehsPerHour="32"/>
    <flow id ="f_404" type = "phMotor" begin="25200.00" route="kuf-10b" end="28800.00" vehsPerHour="119"/>
    <flow id ="f_405" type = "phCar" begin="25200.00" route="kuf-10b" end="28800.00" vehsPerHour="80"/>
    <flow id ="f_406" type = "phMotor" begin="25200.00" route="kuf-10c" end="28800.00" vehsPerHour="304"/>
    <flow id ="f_407" type = "phCar" begin="25200.00" route="kuf-10c" end="28800.00" vehsPerHour="203"/>
    <flow id ="f_408" type = "phMotor" begin="28800.00" route="kbt-4" end="32400.00" vehsPerHour="28"/>
    <flow id ="f_409" type = "phCar" begin="28800.00" route="kbt-4" end="32400.00" vehsPerHour="18"/>
    <flow id ="f_410" type = "phMotor" begin="28800.00" route="kbt-4a" end="32400.00" vehsPerHour="256"/>
    <flow id ="f_411" type = "phCar" begin="28800.00" route="kbt-4a" end="32400.00" vehsPerHour="171"/>
    <flow id ="f_412" type = "phMotor" begin="28800.00" route="kbt-5_to_kuf-4" end="32400.00" vehsPerHour="79"/>
    <flow id ="f_413" type = "phCar" begin="28800.00" route="kbt-5_to_kuf-4" end="32400.00" vehsPerHour="52"/>
    <flow id ="f_414" type = "phMotor" begin="28800.00" route="kbt-5_to_kuf-4a_to_kbt-2" end="32400.00" vehsPerHour="1"/>
    <flow id ="f_415" type = "phCar" begin="28800.00" route="kbt-5_to_kuf-4a_to_kbt-2" end="32400.00" vehsPerHour="1"/>
    <flow id ="f_416" type = "phMotor" begin="28800.00" route="kbt-5_to_kuf-4a_to_kbt-3" end="32400.00" vehsPerHour="1"/>
    <flow id ="f_417" type = "phCar" begin="28800.00" route="kbt-5_to_kuf-4a_to_kbt-3" end="32400.00" vehsPerHour="1"/>
    <flow id ="f_418" type = "phMotor" begin="28800.00" route="kbt-5_to_kuf-4b" end="32400.00" vehsPerHour="67"/>
    <flow id ="f_419" type = "phCar" begin="28800.00" route="kbt-5_to_kuf-4b" end="32400.00" vehsPerHour="45"/>
    <flow id ="f_420" type = "phMotor" begin="28800.00" route="kbt-5_to_kuf-5" end="32400.00" vehsPerHour="2186"/>
    <flow id ="f_421" type = "phCar" begin="28800.00" route="kbt-5_to_kuf-5" end="32400.00" vehsPerHour="1458"/>
    <flow id ="f_422" type = "phMotor" begin="28800.00" route="kbt-7" end="32400.00" vehsPerHour="386"/>
    <flow id ="f_423" type = "phCar" begin="28800.00" route="kbt-7" end="32400.00" vehsPerHour="257"/>
    <flow id ="f_424" type = "phMotor" begin="28800.00" route="kbt-8" end="32400.00" vehsPerHour="8"/>
    <flow id ="f_425" type = "phCar" begin="28800.00" route="kbt-8" end="32400.00" vehsPerHour="5"/>
    <flow id ="f_426" type = "phMotor" begin="28800.00" route="kbt-9_to_kuf-4" end="32400.00" vehsPerHour="1"/>
    <flow id ="f_427" type = "phMotor" begin="28800.00" route="kbt-9_to_kuf-4b" end="32400.00" vehsPerHour="1"/>
    <flow id ="f_428" type = "phMotor" begin="28800.00" route="kbt-9_to_kuf-5" end="32400.00" vehsPerHour="13"/>
    <flow id ="f_429" type = "phCar" begin="28800.00" route="kbt-9_to_kuf-5" end="32400.00" vehsPerHour="9"/>
    <flow id ="f_430" type = "phMotor" begin="28800.00" route="kbt-10_to_kuf-4" end="32400.00" vehsPerHour="2"/>
    <flow id ="f_431" type = "phCar" begin="28800.00" route="kbt-10_to_kuf-4" end="32400.00" vehsPerHour="1"/>
    <flow id ="f_432" type = "phMotor" begin="28800.00" route="kbt-10_to_kuf-4b" end="32400.00" vehsPerHour="2"/>
    <flow id ="f_433" type = "phCar" begin="28800.00" route="kbt-10_to_kuf-4b" end="32400.00" vehsPerHour="1"/>
    <flow id ="f_434" type = "phMotor" begin="28800.00" route="kbt-10_to_kuf-5" end="32400.00" vehsPerHour="55"/>
    <flow id ="f_435" type = "phCar" begin="28800.00" route="kbt-10_to_kuf-5" end="32400.00" vehsPerHour="36"/>
    <flow id ="f_436" type = "phMotor" begin="28800.00" route="kbt-12" end="32400.00" vehsPerHour="6"/>
    <flow id ="f_437" type = "phCar" begin="28800.00" route="kbt-12" end="32400.00" vehsPerHour="4"/>
    <flow id ="f_438" type = "phMotor" begin="28800.00" route="kuf-2_to_kbt-2" end="32400.00" vehsPerHour="2263"/>
    <flow id ="f_439" type = "phCar" begin="28800.00" route="kuf-2_to_kbt-2" end="32400.00" vehsPerHour="1508"/>
    <flow id ="f_440" type = "phMotor" begin="28800.00" route="kuf-2_to_kbt-3" end="32400.00" vehsPerHour="22"/>
    <flow id ="f_441" type = "phCar" begin="28800.00" route="kuf-2_to_kbt-3" end="32400.00" vehsPerHour="14"/>
    <flow id ="f_442" type = "phMotor" begin="28800.00" route="kuf-3" end="32400.00" vehsPerHour="147"/>
    <flow id ="f_443" type = "phCar" begin="28800.00" route="kuf-3" end="32400.00" vehsPerHour="98"/>
    <flow id ="f_444" type = "phMotor" begin="28800.00" route="kuf-3a" end="32400.00" vehsPerHour="16"/>
    <flow id ="f_445" type = "phCar" begin="28800.00" route="kuf-3a" end="32400.00" vehsPerHour="11"/>
    <flow id ="f_446" type = "phMotor" begin="28800.00" route="kuf-7_to_kbt-2" end="32400.00" vehsPerHour="92"/>
    <flow id ="f_447" type = "phCar" begin="28800.00" route="kuf-7_to_kbt-2" end="32400.00" vehsPerHour="62"/>
    <flow id ="f_448" type = "phMotor" begin="28800.00" route="kuf-7_to_kbt-3" end="32400.00" vehsPerHour="1"/>
    <flow id ="f_449" type = "phMotor" begin="28800.00" route="kuf-8" end="32400.00" vehsPerHour="61"/>
    <flow id ="f_450" type = "phCar" begin="28800.00" route="kuf-8" end="32400.00" vehsPerHour="40"/>
    <flow id ="f_451" type = "phMotor" begin="28800.00" route="kuf-8a" end="32400.00" vehsPerHour="59"/>
    <flow id ="f_452" type = "phCar" begin="28800.00" route="kuf-8a" end="32400.00" vehsPerHour="40"/>
    <flow id ="f_453" type = "phMotor" begin="28800.00" route="kuf-9" end="32400.00" vehsPerHour="47"/>
    <flow id ="f_454" type = "phCar" begin="28800.00" route="kuf-9" end="32400.00" vehsPerHour="32"/>
    <flow id ="f_455" type = "phMotor" begin="28800.00" route="kuf-10b" end="32400.00" vehsPerHour="119"/>
    <flow id ="f_456" type = "phCar" begin="28800.00" route="kuf-10b" end="32400.00" vehsPerHour="80"/>
    <flow id ="f_457" type = "phMotor" begin="28800.00" route="kuf-10c" end="32400.00" vehsPerHour="304"/>
    <flow id ="f_458" type = "phCar" begin="28800.00" route="kuf-10c" end="32400.00" vehsPerHour="203"/>
    <flow id ="f_459" type = "phMotor" begin="32400.00" route="kbt-4" end="36000.00" vehsPerHour="28"/>
    <flow id ="f_460" type = "phCar" begin="32400.00" route="kbt-4" end="36000.00" vehsPerHour="18"/>
    <flow id ="f_461" type = "phMotor" begin="32400.00" route="kbt-4a" end="36000.00" vehsPerHour="256"/>
    <flow id ="f_462" type = "phCar" begin="32400.00" route="kbt-4a" end="36000.00" vehsPerHour="171"/>
    <flow id ="f_463" type = "phMotor" begin="32400.00" route="kbt-5_to_kuf-4" end="36000.00" vehsPerHour="79"/>
    <flow id ="f_464" type = "phCar" begin="32400.00" route="kbt-5_to_kuf-4" end="36000.00" vehsPerHour="52"/>
    <flow id ="f_465" type = "phMotor" begin="32400.00" route="kbt-5_to_kuf-4a_to_kbt-2" end="36000.00" vehsPerHour="1"/>
    <flow id ="f_466" type = "phCar" begin="32400.00" route="kbt-5_to_kuf-4a_to_kbt-2" end="36000.00" vehsPerHour="1"/>
    <flow id ="f_467" type = "phMotor" begin="32400.00" route="kbt-5_to_kuf-4a_to_kbt-3" end="36000.00" vehsPerHour="1"/>
    <flow id ="f_468" type = "phCar" begin="32400.00" route="kbt-5_to_kuf-4a_to_kbt-3" end="36000.00" vehsPerHour="1"/>
    <flow id ="f_469" type = "phMotor" begin="32400.00" route="kbt-5_to_kuf-4b" end="36000.00" vehsPerHour="67"/>
    <flow id ="f_470" type = "phCar" begin="32400.00" route="kbt-5_to_kuf-4b" end="36000.00" vehsPerHour="45"/>
    <flow id ="f_471" type = "phMotor" begin="32400.00" route="kbt-5_to_kuf-5" end="36000.00" vehsPerHour="2186"/>
    <flow id ="f_472" type = "phCar" begin="32400.00" route="kbt-5_to_kuf-5" end="36000.00" vehsPerHour="1458"/>
    <flow id ="f_473" type = "phMotor" begin="32400.00" route="kbt-7" end="36000.00" vehsPerHour="386"/>
    <flow id ="f_474" type = "phCar" begin="32400.00" route="kbt-7" end="36000.00" vehsPerHour="257"/>
    <flow id ="f_475" type = "phMotor" begin="32400.00" route="kbt-8" end="36000.00" vehsPerHour="8"/>
    <flow id ="f_476" type = "phCar" begin="32400.00" route="kbt-8" end="36000.00" vehsPerHour="5"/>
    <flow id ="f_477" type = "phMotor" begin="32400.00" route="kbt-9_to_kuf-4" end="36000.00" vehsPerHour="1"/>
    <flow id ="f_478" type = "phMotor" begin="32400.00" route="kbt-9_to_kuf-4b" end="36000.00" vehsPerHour="1"/>
    <flow id ="f_479" type = "phMotor" begin="32400.00" route="kbt-9_to_kuf-5" end="36000.00" vehsPerHour="13"/>
    <flow id ="f_480" type = "phCar" begin="32400.00" route="kbt-9_to_kuf-5" end="36000.00" vehsPerHour="9"/>
    <flow id ="f_481" type = "phMotor" begin="32400.00" route="kbt-10_to_kuf-4" end="36000.00" vehsPerHour="2"/>
    <flow id ="f_482" type = "phCar" begin="32400.00" route="kbt-10_to_kuf-4" end="36000.00" vehsPerHour="1"/>
    <flow id ="f_483" type = "phMotor" begin="32400.00" route="kbt-10_to_kuf-4b" end="36000.00" vehsPerHour="2"/>
    <flow id ="f_484" type = "phCar" begin="32400.00" route="kbt-10_to_kuf-4b" end="36000.00" vehsPerHour="1"/>
    <flow id ="f_485" type = "phMotor" begin="32400.00" route="kbt-10_to_kuf-5" end="36000.00" vehsPerHour="55"/>
    <flow id ="f_486" type = "phCar" begin="32400.00" route="kbt-10_to_kuf-5" end="36000.00" vehsPerHour="36"/>
    <flow id ="f_487" type = "phMotor" begin="32400.00" route="kbt-12" end="36000.00" vehsPerHour="6"/>
    <flow id ="f_488" type = "phCar" begin="32400.00" route="kbt-12" end="36000.00" vehsPerHour="4"/>
    <flow id ="f_489" type = "phMotor" begin="32400.00" route="kuf-2_to_kbt-2" end="36000.00" vehsPerHour="2263"/>
    <flow id ="f_490" type = "phCar" begin="32400.00" route="kuf-2_to_kbt-2" end="36000.00" vehsPerHour="1508"/>
    <flow id ="f_491" type = "phMotor" begin="32400.00" route="kuf-2_to_kbt-3" end="36000.00" vehsPerHour="22"/>
    <flow id ="f_492" type = "phCar" begin="32400.00" route="kuf-2_to_kbt-3" end="36000.00" vehsPerHour="14"/>
    <flow id ="f_493" type = "phMotor" begin="32400.00" route="kuf-3" end="36000.00" vehsPerHour="147"/>
    <flow id ="f_494" type = "phCar" begin="32400.00" route="kuf-3" end="36000.00" vehsPerHour="98"/>
    <flow id ="f_495" type = "phMotor" begin="32400.00" route="kuf-3a" end="36000.00" vehsPerHour="16"/>
    <flow id ="f_496" type = "phCar" begin="32400.00" route="kuf-3a" end="36000.00" vehsPerHour="11"/>
    <flow id ="f_497" type = "phMotor" begin="32400.00" route="kuf-7_to_kbt-2" end="36000.00" vehsPerHour="92"/>
    <flow id ="f_498" type = "phCar" begin="32400.00" route="kuf-7_to_kbt-2" end="36000.00" vehsPerHour="62"/>
    <flow id ="f_499" type = "phMotor" begin="32400.00" route="kuf-7_to_kbt-3" end="36000.00" vehsPerHour="1"/>
    <flow id ="f_500" type = "phMotor" begin="32400.00" route="kuf-8" end="36000.00" vehsPerHour="61"/>
    <flow id ="f_501" type = "phCar" begin="32400.00" route="kuf-8" end="36000.00" vehsPerHour="40"/>
    <flow id ="f_502" type = "phMotor" begin="32400.00" route="kuf-8a" end="36000.00" vehsPerHour="59"/>
    <flow id ="f_503" type = "phCar" begin="32400.00" route="kuf-8a" end="36000.00" vehsPerHour="40"/>
    <flow id ="f_504" type = "phMotor" begin="32400.00" route="kuf-9" end="36000.00" vehsPerHour="47"/>
    <flow id ="f_505" type = "phCar" begin="32400.00" route="kuf-9" end="36000.00" vehsPerHour="32"/>
    <flow id ="f_506" type = "phMotor" begin="32400.00" route="kuf-10b" end="36000.00" vehsPerHour="119"/>
    <flow id ="f_507" type = "phCar" begin="32400.00" route="kuf-10b" end="36000.00" vehsPerHour="80"/>
    <flow id ="f_508" type = "phMotor" begin="32400.00" route="kuf-10c" end="36000.00" vehsPerHour="304"/>
    <flow id ="f_509" type = "phCar" begin="32400.00" route="kuf-10c" end="36000.00" vehsPerHour="203"/>
    <flow id ="f_510" type = "phMotor" begin="36000.00" route="kbt-4" end="39600.00" vehsPerHour="28"/>
    <flow id ="f_511" type = "phCar" begin="36000.00" route="kbt-4" end="39600.00" vehsPerHour="18"/>
    <flow id ="f_512" type = "phMotor" begin="36000.00" route="kbt-4a" end="39600.00" vehsPerHour="256"/>
    <flow id ="f_513" type = "phCar" begin="36000.00" route="kbt-4a" end="39600.00" vehsPerHour="171"/>
    <flow id ="f_514" type = "phMotor" begin="36000.00" route="kbt-5_to_kuf-4" end="39600.00" vehsPerHour="79"/>
    <flow id ="f_515" type = "phCar" begin="36000.00" route="kbt-5_to_kuf-4" end="39600.00" vehsPerHour="52"/>
    <flow id ="f_516" type = "phMotor" begin="36000.00" route="kbt-5_to_kuf-4a_to_kbt-2" end="39600.00" vehsPerHour="1"/>
    <flow id ="f_517" type = "phCar" begin="36000.00" route="kbt-5_to_kuf-4a_to_kbt-2" end="39600.00" vehsPerHour="1"/>
    <flow id ="f_518" type = "phMotor" begin="36000.00" route="kbt-5_to_kuf-4a_to_kbt-3" end="39600.00" vehsPerHour="1"/>
    <flow id ="f_519" type = "phCar" begin="36000.00" route="kbt-5_to_kuf-4a_to_kbt-3" end="39600.00" vehsPerHour="1"/>
    <flow id ="f_520" type = "phMotor" begin="36000.00" route="kbt-5_to_kuf-4b" end="39600.00" vehsPerHour="67"/>
    <flow id ="f_521" type = "phCar" begin="36000.00" route="kbt-5_to_kuf-4b" end="39600.00" vehsPerHour="45"/>
    <flow id ="f_522" type = "phMotor" begin="36000.00" route="kbt-5_to_kuf-5" end="39600.00" vehsPerHour="2186"/>
    <flow id ="f_523" type = "phCar" begin="36000.00" route="kbt-5_to_kuf-5" end="39600.00" vehsPerHour="1458"/>
    <flow id ="f_524" type = "phMotor" begin="36000.00" route="kbt-7" end="39600.00" vehsPerHour="386"/>
    <flow id ="f_525" type = "phCar" begin="36000.00" route="kbt-7" end="39600.00" vehsPerHour="257"/>
    <flow id ="f_526" type = "phMotor" begin="36000.00" route="kbt-8" end="39600.00" vehsPerHour="8"/>
    <flow id ="f_527" type = "phCar" begin="36000.00" route="kbt-8" end="39600.00" vehsPerHour="5"/>
    <flow id ="f_528" type = "phMotor" begin="36000.00" route="kbt-9_to_kuf-4" end="39600.00" vehsPerHour="1"/>
    <flow id ="f_529" type = "phMotor" begin="36000.00" route="kbt-9_to_kuf-4b" end="39600.00" vehsPerHour="1"/>
    <flow id ="f_530" type = "phMotor" begin="36000.00" route="kbt-9_to_kuf-5" end="39600.00" vehsPerHour="13"/>
    <flow id ="f_531" type = "phCar" begin="36000.00" route="kbt-9_to_kuf-5" end="39600.00" vehsPerHour="9"/>
    <flow id ="f_532" type = "phMotor" begin="36000.00" route="kbt-10_to_kuf-4" end="39600.00" vehsPerHour="2"/>
    <flow id ="f_533" type = "phCar" begin="36000.00" route="kbt-10_to_kuf-4" end="39600.00" vehsPerHour="1"/>
    <flow id ="f_534" type = "phMotor" begin="36000.00" route="kbt-10_to_kuf-4b" end="39600.00" vehsPerHour="2"/>
    <flow id ="f_535" type = "phCar" begin="36000.00" route="kbt-10_to_kuf-4b" end="39600.00" vehsPerHour="1"/>
    <flow id ="f_536" type = "phMotor" begin="36000.00" route="kbt-10_to_kuf-5" end="39600.00" vehsPerHour="55"/>
    <flow id ="f_537" type = "phCar" begin="36000.00" route="kbt-10_to_kuf-5" end="39600.00" vehsPerHour="36"/>
    <flow id ="f_538" type = "phMotor" begin="36000.00" route="kbt-12" end="39600.00" vehsPerHour="6"/>
    <flow id ="f_539" type = "phCar" begin="36000.00" route="kbt-12" end="39600.00" vehsPerHour="4"/>
    <flow id ="f_540" type = "phMotor" begin="36000.00" route="kuf-2_to_kbt-2" end="39600.00" vehsPerHour="2263"/>
    <flow id ="f_541" type = "phCar" begin="36000.00" route="kuf-2_to_kbt-2" end="39600.00" vehsPerHour="1508"/>
    <flow id ="f_542" type = "phMotor" begin="36000.00" route="kuf-2_to_kbt-3" end="39600.00" vehsPerHour="22"/>
    <flow id ="f_543" type = "phCar" begin="36000.00" route="kuf-2_to_kbt-3" end="39600.00" vehsPerHour="14"/>
    <flow id ="f_544" type = "phMotor" begin="36000.00" route="kuf-3" end="39600.00" vehsPerHour="147"/>
    <flow id ="f_545" type = "phCar" begin="36000.00" route="kuf-3" end="39600.00" vehsPerHour="98"/>
    <flow id ="f_546" type = "phMotor" begin="36000.00" route="kuf-3a" end="39600.00" vehsPerHour="16"/>
    <flow id ="f_547" type = "phCar" begin="36000.00" route="kuf-3a" end="39600.00" vehsPerHour="11"/>
    <flow id ="f_548" type = "phMotor" begin="36000.00" route="kuf-7_to_kbt-2" end="39600.00" vehsPerHour="92"/>
    <flow id ="f_549" type = "phCar" begin="36000.00" route="kuf-7_to_kbt-2" end="39600.00" vehsPerHour="62"/>
    <flow id ="f_550" type = "phMotor" begin="36000.00" route="kuf-7_to_kbt-3" end="39600.00" vehsPerHour="1"/>
    <flow id ="f_551" type = "phMotor" begin="36000.00" route="kuf-8" end="39600.00" vehsPerHour="61"/>
    <flow id ="f_552" type = "phCar" begin="36000.00" route="kuf-8" end="39600.00" vehsPerHour="40"/>
    <flow id ="f_553" type = "phMotor" begin="36000.00" route="kuf-8a" end="39600.00" vehsPerHour="59"/>
    <flow id ="f_554" type = "phCar" begin="36000.00" route="kuf-8a" end="39600.00" vehsPerHour="40"/>
    <flow id ="f_555" type = "phMotor" begin="36000.00" route="kuf-9" end="39600.00" vehsPerHour="47"/>
    <flow id ="f_556" type = "phCar" begin="36000.00" route="kuf-9" end="39600.00" vehsPerHour="32"/>
    <flow id ="f_557" type = "phMotor" begin="36000.00" route="kuf-10b" end="39600.00" vehsPerHour="119"/>
    <flow id ="f_558" type = "phCar" begin="36000.00" route="kuf-10b" end="39600.00" vehsPerHour="80"/>
    <flow id ="f_559" type = "phMotor" begin="36000.00" route="kuf-10c" end="39600.00" vehsPerHour="304"/>
    <flow id ="f_560" type = "phCar" begin="36000.00" route="kuf-10c" end="39600.00" vehsPerHour="203"/>
    <flow id ="f_561" type = "phMotor" begin="39600.00" route="kbt-4" end="43200.00" vehsPerHour="28"/>
    <flow id ="f_562" type = "phCar" begin="39600.00" route="kbt-4" end="43200.00" vehsPerHour="18"/>
    <flow id ="f_563" type = "phMotor" begin="39600.00" route="kbt-4a" end="43200.00" vehsPerHour="256"/>
    <flow id ="f_564" type = "phCar" begin="39600.00" route="kbt-4a" end="43200.00" vehsPerHour="171"/>
    <flow id ="f_565" type = "phMotor" begin="39600.00" route="kbt-5_to_kuf-4" end="43200.00" vehsPerHour="79"/>
    <flow id ="f_566" type = "phCar" begin="39600.00" route="kbt-5_to_kuf-4" end="43200.00" vehsPerHour="52"/>
    <flow id ="f_567" type = "phMotor" begin="39600.00" route="kbt-5_to_kuf-4a_to_kbt-2" end="43200.00" vehsPerHour="1"/>
    <flow id ="f_568" type = "phCar" begin="39600.00" route="kbt-5_to_kuf-4a_to_kbt-2" end="43200.00" vehsPerHour="1"/>
    <flow id ="f_569" type = "phMotor" begin="39600.00" route="kbt-5_to_kuf-4a_to_kbt-3" end="43200.00" vehsPerHour="1"/>
    <flow id ="f_570" type = "phCar" begin="39600.00" route="kbt-5_to_kuf-4a_to_kbt-3" end="43200.00" vehsPerHour="1"/>
    <flow id ="f_571" type = "phMotor" begin="39600.00" route="kbt-5_to_kuf-4b" end="43200.00" vehsPerHour="67"/>
    <flow id ="f_572" type = "phCar" begin="39600.00" route="kbt-5_to_kuf-4b" end="43200.00" vehsPerHour="45"/>
    <flow id ="f_573" type = "phMotor" begin="39600.00" route="kbt-5_to_kuf-5" end="43200.00" vehsPerHour="2186"/>
    <flow id ="f_574" type = "phCar" begin="39600.00" route="kbt-5_to_kuf-5" end="43200.00" vehsPerHour="1458"/>
    <flow id ="f_575" type = "phMotor" begin="39600.00" route="kbt-7" end="43200.00" vehsPerHour="386"/>
    <flow id ="f_576" type = "phCar" begin="39600.00" route="kbt-7" end="43200.00" vehsPerHour="257"/>
    <flow id ="f_577" type = "phMotor" begin="39600.00" route="kbt-8" end="43200.00" vehsPerHour="8"/>
    <flow id ="f_578" type = "phCar" begin="39600.00" route="kbt-8" end="43200.00" vehsPerHour="5"/>
    <flow id ="f_579" type = "phMotor" begin="39600.00" route="kbt-9_to_kuf-4" end="43200.00" vehsPerHour="1"/>
    <flow id ="f_580" type = "phMotor" begin="39600.00" route="kbt-9_to_kuf-4b" end="43200.00" vehsPerHour="1"/>
    <flow id ="f_581" type = "phMotor" begin="39600.00" route="kbt-9_to_kuf-5" end="43200.00" vehsPerHour="13"/>
    <flow id ="f_582" type = "phCar" begin="39600.00" route="kbt-9_to_kuf-5" end="43200.00" vehsPerHour="9"/>
    <flow id ="f_583" type = "phMotor" begin="39600.00" route="kbt-10_to_kuf-4" end="43200.00" vehsPerHour="2"/>
    <flow id ="f_584" type = "phCar" begin="39600.00" route="kbt-10_to_kuf-4" end="43200.00" vehsPerHour="1"/>
    <flow id ="f_585" type = "phMotor" begin="39600.00" route="kbt-10_to_kuf-4b" end="43200.00" vehsPerHour="2"/>
    <flow id ="f_586" type = "phCar" begin="39600.00" route="kbt-10_to_kuf-4b" end="43200.00" vehsPerHour="1"/>
    <flow id ="f_587" type = "phMotor" begin="39600.00" route="kbt-10_to_kuf-5" end="43200.00" vehsPerHour="55"/>
    <flow id ="f_588" type = "phCar" begin="39600.00" route="kbt-10_to_kuf-5" end="43200.00" vehsPerHour="36"/>
    <flow id ="f_589" type = "phMotor" begin="39600.00" route="kbt-12" end="43200.00" vehsPerHour="6"/>
    <flow id ="f_590" type = "phCar" begin="39600.00" route="kbt-12" end="43200.00" vehsPerHour="4"/>
    <flow id ="f_591" type = "phMotor" begin="39600.00" route="kuf-2_to_kbt-2" end="43200.00" vehsPerHour="2263"/>
    <flow id ="f_592" type = "phCar" begin="39600.00" route="kuf-2_to_kbt-2" end="43200.00" vehsPerHour="1508"/>
    <flow id ="f_593" type = "phMotor" begin="39600.00" route="kuf-2_to_kbt-3" end="43200.00" vehsPerHour="22"/>
    <flow id ="f_594" type = "phCar" begin="39600.00" route="kuf-2_to_kbt-3" end="43200.00" vehsPerHour="14"/>
    <flow id ="f_595" type = "phMotor" begin="39600.00" route="kuf-3" end="43200.00" vehsPerHour="147"/>
    <flow id ="f_596" type = "phCar" begin="39600.00" route="kuf-3" end="43200.00" vehsPerHour="98"/>
    <flow id ="f_597" type = "phMotor" begin="39600.00" route="kuf-3a" end="43200.00" vehsPerHour="16"/>
    <flow id ="f_598" type = "phCar" begin="39600.00" route="kuf-3a" end="43200.00" vehsPerHour="11"/>
    <flow id ="f_599" type = "phMotor" begin="39600.00" route="kuf-7_to_kbt-2" end="43200.00" vehsPerHour="92"/>
    <flow id ="f_600" type = "phCar" begin="39600.00" route="kuf-7_to_kbt-2" end="43200.00" vehsPerHour="62"/>
    <flow id ="f_601" type = "phMotor" begin="39600.00" route="kuf-7_to_kbt-3" end="43200.00" vehsPerHour="1"/>
    <flow id ="f_602" type = "phMotor" begin="39600.00" route="kuf-8" end="43200.00" vehsPerHour="61"/>
    <flow id ="f_603" type = "phCar" begin="39600.00" route="kuf-8" end="43200.00" vehsPerHour="40"/>
    <flow id ="f_604" type = "phMotor" begin="39600.00" route="kuf-8a" end="43200.00" vehsPerHour="59"/>
    <flow id ="f_605" type = "phCar" begin="39600.00" route="kuf-8a" end="43200.00" vehsPerHour="40"/>
    <flow id ="f_606" type = "phMotor" begin="39600.00" route="kuf-9" end="43200.00" vehsPerHour="47"/>
    <flow id ="f_607" type = "phCar" begin="39600.00" route="kuf-9" end="43200.00" vehsPerHour="32"/>
    <flow id ="f_608" type = "phMotor" begin="39600.00" route="kuf-10b" end="43200.00" vehsPerHour="119"/>
    <flow id ="f_609" type = "phCar" begin="39600.00" route="kuf-10b" end="43200.00" vehsPerHour="80"/>
    <flow id ="f_610" type = "phMotor" begin="39600.00" route="kuf-10c" end="43200.00" vehsPerHour="304"/>
    <flow id ="f_611" type = "phCar" begin="39600.00" route="kuf-10c" end="43200.00" vehsPerHour="203"/>
    <flow id ="f_612" type = "phMotor" begin="43200.00" route="kbt-4" end="46800.00" vehsPerHour="28"/>
    <flow id ="f_613" type = "phCar" begin="43200.00" route="kbt-4" end="46800.00" vehsPerHour="18"/>
    <flow id ="f_614" type = "phMotor" begin="43200.00" route="kbt-4a" end="46800.00" vehsPerHour="256"/>
    <flow id ="f_615" type = "phCar" begin="43200.00" route="kbt-4a" end="46800.00" vehsPerHour="171"/>
    <flow id ="f_616" type = "phMotor" begin="43200.00" route="kbt-5_to_kuf-4" end="46800.00" vehsPerHour="79"/>
    <flow id ="f_617" type = "phCar" begin="43200.00" route="kbt-5_to_kuf-4" end="46800.00" vehsPerHour="52"/>
    <flow id ="f_618" type = "phMotor" begin="43200.00" route="kbt-5_to_kuf-4a_to_kbt-2" end="46800.00" vehsPerHour="1"/>
    <flow id ="f_619" type = "phCar" begin="43200.00" route="kbt-5_to_kuf-4a_to_kbt-2" end="46800.00" vehsPerHour="1"/>
    <flow id ="f_620" type = "phMotor" begin="43200.00" route="kbt-5_to_kuf-4a_to_kbt-3" end="46800.00" vehsPerHour="1"/>
    <flow id ="f_621" type = "phCar" begin="43200.00" route="kbt-5_to_kuf-4a_to_kbt-3" end="46800.00" vehsPerHour="1"/>
    <flow id ="f_622" type = "phMotor" begin="43200.00" route="kbt-5_to_kuf-4b" end="46800.00" vehsPerHour="67"/>
    <flow id ="f_623" type = "phCar" begin="43200.00" route="kbt-5_to_kuf-4b" end="46800.00" vehsPerHour="45"/>
    <flow id ="f_624" type = "phMotor" begin="43200.00" route="kbt-5_to_kuf-5" end="46800.00" vehsPerHour="2186"/>
    <flow id ="f_625" type = "phCar" begin="43200.00" route="kbt-5_to_kuf-5" end="46800.00" vehsPerHour="1458"/>
    <flow id ="f_626" type = "phMotor" begin="43200.00" route="kbt-7" end="46800.00" vehsPerHour="386"/>
    <flow id ="f_627" type = "phCar" begin="43200.00" route="kbt-7" end="46800.00" vehsPerHour="257"/>
    <flow id ="f_628" type = "phMotor" begin="43200.00" route="kbt-8" end="46800.00" vehsPerHour="8"/>
    <flow id ="f_629" type = "phCar" begin="43200.00" route="kbt-8" end="46800.00" vehsPerHour="5"/>
    <flow id ="f_630" type = "phMotor" begin="43200.00" route="kbt-9_to_kuf-4" end="46800.00" vehsPerHour="1"/>
    <flow id ="f_631" type = "phMotor" begin="43200.00" route="kbt-9_to_kuf-4b" end="46800.00" vehsPerHour="1"/>
    <flow id ="f_632" type = "phMotor" begin="43200.00" route="kbt-9_to_kuf-5" end="46800.00" vehsPerHour="13"/>
    <flow id ="f_633" type = "phCar" begin="43200.00" route="kbt-9_to_kuf-5" end="46800.00" vehsPerHour="9"/>
    <flow id ="f_634" type = "phMotor" begin="43200.00" route="kbt-10_to_kuf-4" end="46800.00" vehsPerHour="2"/>
    <flow id ="f_635" type = "phCar" begin="43200.00" route="kbt-10_to_kuf-4" end="46800.00" vehsPerHour="1"/>
    <flow id ="f_636" type = "phMotor" begin="43200.00" route="kbt-10_to_kuf-4b" end="46800.00" vehsPerHour="2"/>
    <flow id ="f_637" type = "phCar" begin="43200.00" route="kbt-10_to_kuf-4b" end="46800.00" vehsPerHour="1"/>
    <flow id ="f_638" type = "phMotor" begin="43200.00" route="kbt-10_to_kuf-5" end="46800.00" vehsPerHour="55"/>
    <flow id ="f_639" type = "phCar" begin="43200.00" route="kbt-10_to_kuf-5" end="46800.00" vehsPerHour="36"/>
    <flow id ="f_640" type = "phMotor" begin="43200.00" route="kbt-12" end="46800.00" vehsPerHour="6"/>
    <flow id ="f_641" type = "phCar" begin="43200.00" route="kbt-12" end="46800.00" vehsPerHour="4"/>
    <flow id ="f_642" type = "phMotor" begin="43200.00" route="kuf-2_to_kbt-2" end="46800.00" vehsPerHour="2263"/>
    <flow id ="f_643" type = "phCar" begin="43200.00" route="kuf-2_to_kbt-2" end="46800.00" vehsPerHour="1508"/>
    <flow id ="f_644" type = "phMotor" begin="43200.00" route="kuf-2_to_kbt-3" end="46800.00" vehsPerHour="22"/>
    <flow id ="f_645" type = "phCar" begin="43200.00" route="kuf-2_to_kbt-3" end="46800.00" vehsPerHour="14"/>
    <flow id ="f_646" type = "phMotor" begin="43200.00" route="kuf-3" end="46800.00" vehsPerHour="147"/>
    <flow id ="f_647" type = "phCar" begin="43200.00" route="kuf-3" end="46800.00" vehsPerHour="98"/>
    <flow id ="f_648" type = "phMotor" begin="43200.00" route="kuf-3a" end="46800.00" vehsPerHour="16"/>
    <flow id ="f_649" type = "phCar" begin="43200.00" route="kuf-3a" end="46800.00" vehsPerHour="11"/>
    <flow id ="f_650" type = "phMotor" begin="43200.00" route="kuf-7_to_kbt-2" end="46800.00" vehsPerHour="92"/>
    <flow id ="f_651" type = "phCar" begin="43200.00" route="kuf-7_to_kbt-2" end="46800.00" vehsPerHour="62"/>
    <flow id ="f_652" type = "phMotor" begin="43200.00" route="kuf-7_to_kbt-3" end="46800.00" vehsPerHour="1"/>
    <flow id ="f_653" type = "phMotor" begin="43200.00" route="kuf-8" end="46800.00" vehsPerHour="61"/>
    <flow id ="f_654" type = "phCar" begin="43200.00" route="kuf-8" end="46800.00" vehsPerHour="40"/>
    <flow id ="f_655" type = "phMotor" begin="43200.00" route="kuf-8a" end="46800.00" vehsPerHour="59"/>
    <flow id ="f_656" type = "phCar" begin="43200.00" route="kuf-8a" end="46800.00" vehsPerHour="40"/>
    <flow id ="f_657" type = "phMotor" begin="43200.00" route="kuf-9" end="46800.00" vehsPerHour="47"/>
    <flow id ="f_658" type = "phCar" begin="43200.00" route="kuf-9" end="46800.00" vehsPerHour="32"/>
    <flow id ="f_659" type = "phMotor" begin="43200.00" route="kuf-10b" end="46800.00" vehsPerHour="119"/>
    <flow id ="f_660" type = "phCar" begin="43200.00" route="kuf-10b" end="46800.00" vehsPerHour="80"/>
    <flow id ="f_661" type = "phMotor" begin="43200.00" route="kuf-10c" end="46800.00" vehsPerHour="304"/>
    <flow id ="f_662" type = "phCar" begin="43200.00" route="kuf-10c" end="46800.00" vehsPerHour="203"/>
    <flow id ="f_663" type = "phMotor" begin="46800.00" route="kbt-4" end="50400.00" vehsPerHour="28"/>
    <flow id ="f_664" type = "phCar" begin="46800.00" route="kbt-4" end="50400.00" vehsPerHour="18"/>
    <flow id ="f_665" type = "phMotor" begin="46800.00" route="kbt-4a" end="50400.00" vehsPerHour="256"/>
    <flow id ="f_666" type = "phCar" begin="46800.00" route="kbt-4a" end="50400.00" vehsPerHour="171"/>
    <flow id ="f_667" type = "phMotor" begin="46800.00" route="kbt-5_to_kuf-4" end="50400.00" vehsPerHour="79"/>
    <flow id ="f_668" type = "phCar" begin="46800.00" route="kbt-5_to_kuf-4" end="50400.00" vehsPerHour="52"/>
    <flow id ="f_669" type = "phMotor" begin="46800.00" route="kbt-5_to_kuf-4a_to_kbt-2" end="50400.00" vehsPerHour="1"/>
    <flow id ="f_670" type = "phCar" begin="46800.00" route="kbt-5_to_kuf-4a_to_kbt-2" end="50400.00" vehsPerHour="1"/>
    <flow id ="f_671" type = "phMotor" begin="46800.00" route="kbt-5_to_kuf-4a_to_kbt-3" end="50400.00" vehsPerHour="1"/>
    <flow id ="f_672" type = "phCar" begin="46800.00" route="kbt-5_to_kuf-4a_to_kbt-3" end="50400.00" vehsPerHour="1"/>
    <flow id ="f_673" type = "phMotor" begin="46800.00" route="kbt-5_to_kuf-4b" end="50400.00" vehsPerHour="67"/>
    <flow id ="f_674" type = "phCar" begin="46800.00" route="kbt-5_to_kuf-4b" end="50400.00" vehsPerHour="45"/>
    <flow id ="f_675" type = "phMotor" begin="46800.00" route="kbt-5_to_kuf-5" end="50400.00" vehsPerHour="2186"/>
    <flow id ="f_676" type = "phCar" begin="46800.00" route="kbt-5_to_kuf-5" end="50400.00" vehsPerHour="1458"/>
    <flow id ="f_677" type = "phMotor" begin="46800.00" route="kbt-7" end="50400.00" vehsPerHour="386"/>
    <flow id ="f_678" type = "phCar" begin="46800.00" route="kbt-7" end="50400.00" vehsPerHour="257"/>
    <flow id ="f_679" type = "phMotor" begin="46800.00" route="kbt-8" end="50400.00" vehsPerHour="8"/>
    <flow id ="f_680" type = "phCar" begin="46800.00" route="kbt-8" end="50400.00" vehsPerHour="5"/>
    <flow id ="f_681" type = "phMotor" begin="46800.00" route="kbt-9_to_kuf-4" end="50400.00" vehsPerHour="1"/>
    <flow id ="f_682" type = "phMotor" begin="46800.00" route="kbt-9_to_kuf-4b" end="50400.00" vehsPerHour="1"/>
    <flow id ="f_683" type = "phMotor" begin="46800.00" route="kbt-9_to_kuf-5" end="50400.00" vehsPerHour="13"/>
    <flow id ="f_684" type = "phCar" begin="46800.00" route="kbt-9_to_kuf-5" end="50400.00" vehsPerHour="9"/>
    <flow id ="f_685" type = "phMotor" begin="46800.00" route="kbt-10_to_kuf-4" end="50400.00" vehsPerHour="2"/>
    <flow id ="f_686" type = "phCar" begin="46800.00" route="kbt-10_to_kuf-4" end="50400.00" vehsPerHour="1"/>
    <flow id ="f_687" type = "phMotor" begin="46800.00" route="kbt-10_to_kuf-4b" end="50400.00" vehsPerHour="2"/>
    <flow id ="f_688" type = "phCar" begin="46800.00" route="kbt-10_to_kuf-4b" end="50400.00" vehsPerHour="1"/>
    <flow id ="f_689" type = "phMotor" begin="46800.00" route="kbt-10_to_kuf-5" end="50400.00" vehsPerHour="55"/>
    <flow id ="f_690" type = "phCar" begin="46800.00" route="kbt-10_to_kuf-5" end="50400.00" vehsPerHour="36"/>
    <flow id ="f_691" type = "phMotor" begin="46800.00" route="kbt-12" end="50400.00" vehsPerHour="6"/>
    <flow id ="f_692" type = "phCar" begin="46800.00" route="kbt-12" end="50400.00" vehsPerHour="4"/>
    <flow id ="f_693" type = "phMotor" begin="46800.00" route="kuf-2_to_kbt-2" end="50400.00" vehsPerHour="2263"/>
    <flow id ="f_694" type = "phCar" begin="46800.00" route="kuf-2_to_kbt-2" end="50400.00" vehsPerHour="1508"/>
    <flow id ="f_695" type = "phMotor" begin="46800.00" route="kuf-2_to_kbt-3" end="50400.00" vehsPerHour="22"/>
    <flow id ="f_696" type = "phCar" begin="46800.00" route="kuf-2_to_kbt-3" end="50400.00" vehsPerHour="14"/>
    <flow id ="f_697" type = "phMotor" begin="46800.00" route="kuf-3" end="50400.00" vehsPerHour="147"/>
    <flow id ="f_698" type = "phCar" begin="46800.00" route="kuf-3" end="50400.00" vehsPerHour="98"/>
    <flow id ="f_699" type = "phMotor" begin="46800.00" route="kuf-3a" end="50400.00" vehsPerHour="16"/>
    <flow id ="f_700" type = "phCar" begin="46800.00" route="kuf-3a" end="50400.00" vehsPerHour="11"/>
    <flow id ="f_701" type = "phMotor" begin="46800.00" route="kuf-7_to_kbt-2" end="50400.00" vehsPerHour="92"/>
    <flow id ="f_702" type = "phCar" begin="46800.00" route="kuf-7_to_kbt-2" end="50400.00" vehsPerHour="62"/>
    <flow id ="f_703" type = "phMotor" begin="46800.00" route="kuf-7_to_kbt-3" end="50400.00" vehsPerHour="1"/>
    <flow id ="f_704" type = "phMotor" begin="46800.00" route="kuf-8" end="50400.00" vehsPerHour="61"/>
    <flow id ="f_705" type = "phCar" begin="46800.00" route="kuf-8" end="50400.00" vehsPerHour="40"/>
    <flow id ="f_706" type = "phMotor" begin="46800.00" route="kuf-8a" end="50400.00" vehsPerHour="59"/>
    <flow id ="f_707" type = "phCar" begin="46800.00" route="kuf-8a" end="50400.00" vehsPerHour="40"/>
    <flow id ="f_708" type = "phMotor" begin="46800.00" route="kuf-9" end="50400.00" vehsPerHour="47"/>
    <flow id ="f_709" type = "phCar" begin="46800.00" route="kuf-9" end="50400.00" vehsPerHour="32"/>
    <flow id ="f_710" type = "phMotor" begin="46800.00" route="kuf-10b" end="50400.00" vehsPerHour="119"/>
    <flow id ="f_711" type = "phCar" begin="46800.00" route="kuf-10b" end="50400.00" vehsPerHour="80"/>
    <flow id ="f_712" type = "phMotor" begin="46800.00" route="kuf-10c" end="50400.00" vehsPerHour="304"/>
    <flow id ="f_713" type = "phCar" begin="46800.00" route="kuf-10c" end="50400.00" vehsPerHour="203"/>
    
</routes>
