<?xml version="1.0" encoding="UTF-8"?>

<!-- generated on 2024-05-08 18:45:21 by Eclipse SUMO GUI Version 1.19.0
<configuration xmlns:xsi="http://www.w3.org/2001/XMLSchema-instance" xsi:noNamespaceSchemaLocation="http://sumo.dlr.de/xsd/sumoConfiguration.xsd">

    <input>
        <net-file value="../osm.net.xml"/>
        <route-files value="osm_000.rou.xml"/>
        <additional-files value="../edgedata.add.xml"/>
    </input>

    <output>
        <summary-output value="summary_out.xml"/>
        <tripinfo-output value="tripinfo_out.xml"/>
        <statistic-output value="statistic_out.xml"/>
    </output>

    <time>
        <begin value="0"/>
    </time>

    <processing>
        <lateral-resolution value="1.6"/>
        <collision.action value="none"/>
        <time-to-teleport value="-1"/>
    </processing>

    <report>
        <verbose value="true"/>
        <no-warnings value="False"/>
        <log value="../iteration_000.sumo.log"/>
        <no-step-log value="true"/>
    </report>

</configuration>
-->

<statistics xmlns:xsi="http://www.w3.org/2001/XMLSchema-instance" xsi:noNamespaceSchemaLocation="http://sumo.dlr.de/xsd/statistic_file.xsd">
    <performance clockBegin="92576.68" clockEnd="96646.30" clockDuration="4069.62" traciDuration="7767.55" realTimeFactor="25.96" vehicleUpdatesPerSecond="16606.75" personUpdatesPerSecond="0.00" begin="0.00" end="105634.00" duration="105634.00"/>
    <vehicles loaded="145334" inserted="145334" running="0" waiting="0"/>
    <teleports total="0" jam="0" yield="0" wrongLane="0"/>
    <safety collisions="0" emergencyStops="0" emergencyBraking="4"/>
    <persons loaded="0" running="0" jammed="0"/>
    <personTeleports total="0" abortWait="0" wrongDest="0"/>
    <vehicleTripStatistics count="145334" routeLength="879.34" speed="3.30" duration="465.02" waitingTime="318.16" timeLoss="409.21" departDelay="13116.03" departDelayWaiting="-1.00" totalTravelTime="67583130.00" totalDepartDelay="1906205213.10"/>
    <pedestrianStatistics number="0" routeLength="0.00" duration="0.00" timeLoss="0.00"/>
    <rideStatistics number="0"/>
    <transportStatistics number="0"/>
</statistics>
